t,w_julia,w_fem,w_matlab_aprfun3
0.0,0.0,3.94541e-9,0.0
0.001,1.2402854604857905e-9,3.94541e-9,0.0
0.002,4.349428547325065e-9,3.94541e-9,1.905e-8
0.003,9.652356866590068e-9,3.94541e-9,1.905e-8
0.004,1.732089016498402e-8,1.96485e-8,1.905e-8
0.005,2.7445279055429417e-8,1.96485e-8,6.288e-8
0.006,4.00670255517359e-8,1.96485e-8,6.288e-8
0.007,5.519395020370115e-8,5.09767e-8,1.337e-7
0.008,7.28085314262404e-8,5.09767e-8,1.337e-7
0.009000000000000001,9.287520327200359e-8,9.79301e-8,2.332e-7
0.010000000000000002,1.1534918761977487e-7,9.79301e-8,2.332e-7
0.011000000000000003,1.4018741928124251e-7,9.79301e-8,2.332e-7
0.012000000000000004,1.673607188650168e-7,1.6051e-7,3.615e-7
0.013000000000000005,1.968654494402765e-7,1.6051e-7,3.615e-7
0.014000000000000005,2.2873248634355892e-7,2.38725e-7,5.174e-7
0.015000000000000006,2.6303147887782806e-7,2.38725e-7,5.174e-7
0.016000000000000007,2.998690567874395e-7,2.38725e-7,5.174e-7
0.017000000000000008,3.393806900747625e-7,3.32601e-7,6.993e-7
0.01800000000000001,3.8171711267526336e-7,3.32601e-7,6.993e-7
0.01900000000000001,4.270273006302975e-7,4.42216e-7,9.074e-7
0.02000000000000001,4.7544072308916753e-7,4.42216e-7,9.074e-7
0.02100000000000001,5.270518199439283e-7,4.42216e-7,1.144e-6
0.022000000000000013,5.819093744890931e-7,5.67688e-7,1.144e-6
0.023000000000000013,6.400127134400516e-7,5.67688e-7,1.144e-6
0.024000000000000014,7.013156172263027e-7,7.08974e-7,1.412e-6
0.025000000000000015,7.657376299682029e-7,7.08974e-7,1.412e-6
0.026000000000000016,8.331812952211223e-7,7.08974e-7,1.713e-6
0.027000000000000017,9.035528731490697e-7,8.65239e-7,1.713e-6
0.028000000000000018,9.767834575177137e-7,8.65239e-7,1.713e-6
0.02900000000000002,1.0528472127056003e-6,1.0344e-6,2.048e-6
0.03000000000000002,1.131773747682568e-6,1.0344e-6,2.048e-6
0.03100000000000002,1.2136524245623887e-6,1.0344e-6,2.415e-6
0.03200000000000002,1.2986275752383577e-6,1.21442e-6,2.415e-6
0.03300000000000002,1.3868850072756895e-6,1.21442e-6,2.415e-6
0.03400000000000002,1.4786316014353486e-6,1.40701e-6,2.81e-6
0.035000000000000024,1.5740710001725516e-6,1.40701e-6,2.81e-6
0.036000000000000025,1.6733791449279016e-6,1.40701e-6,3.23e-6
0.037000000000000026,1.776683590333785e-6,1.6206e-6,3.23e-6
0.03800000000000003,1.8840500505115168e-6,1.6206e-6,3.23e-6
0.03900000000000003,1.995478568899645e-6,1.86809e-6,3.673e-6
0.04000000000000003,2.110910202495871e-6,1.86809e-6,3.673e-6
0.04100000000000003,2.2302434061734634e-6,1.86809e-6,3.673e-6
0.04200000000000003,2.3533576669814365e-6,2.16007e-6,4.136e-6
0.04300000000000003,2.4801406448564505e-6,2.16007e-6,4.136e-6
0.04400000000000003,2.610514352486322e-6,2.49996e-6,4.622e-6
0.04500000000000003,2.7444558972421194e-6,2.49996e-6,4.622e-6
0.046000000000000034,2.8820090461369713e-6,2.49996e-6,4.622e-6
0.047000000000000035,3.0232842739738604e-6,2.88551e-6,5.131e-6
0.048000000000000036,3.1684468155856328e-6,2.88551e-6,5.131e-6
0.04900000000000004,3.3176942788008483e-6,3.31315e-6,5.665e-6
0.05000000000000004,3.471227253330518e-6,3.31315e-6,5.665e-6
0.05100000000000004,3.6292177456110646e-6,3.31315e-6,5.665e-6
0.05200000000000004,3.791780913718153e-6,3.7802e-6,6.225e-6
0.05300000000000004,3.95895531069864e-6,3.7802e-6,6.225e-6
0.05400000000000004,4.13069565283203e-6,4.28513e-6,6.81e-6
0.05500000000000004,4.3068801525693715e-6,4.28513e-6,6.81e-6
0.05600000000000004,4.4873319822095496e-6,4.28513e-6,6.81e-6
0.057000000000000044,4.671851862001749e-6,4.82764e-6,7.42e-6
0.058000000000000045,4.860256544161209e-6,4.82764e-6,7.42e-6
0.059000000000000045,5.052416516832034e-6,5.40715e-6,8.052e-6
0.060000000000000046,5.248285901201433e-6,5.40715e-6,8.052e-6
0.06100000000000005,5.447918412080512e-6,5.40715e-6,8.052e-6
0.06200000000000005,5.651465334780591e-6,6.02002e-6,8.704e-6
0.06300000000000004,5.859154454844702e-6,6.02002e-6,8.704e-6
0.06400000000000004,6.071252289191029e-6,6.65932e-6,9.372e-6
0.06500000000000004,6.288015217054943e-6,6.65932e-6,9.372e-6
0.06600000000000004,6.5096375884270425e-6,6.65932e-6,9.372e-6
0.06700000000000005,6.736206081557483e-6,7.31858e-6,1.006e-5
0.06800000000000005,6.967669170973182e-6,7.31858e-6,1.006e-5
0.06900000000000005,7.203828505501737e-6,7.99466e-6,1.076e-5
0.07000000000000005,7.444355534492505e-6,7.99466e-6,1.076e-5
0.07100000000000005,7.688832388446451e-6,7.99466e-6,1.076e-5
0.07200000000000005,7.936811545226082e-6,8.68617e-6,1.147e-5
0.07300000000000005,8.187885001629467e-6,8.68617e-6,1.147e-5
0.07400000000000005,8.441751265052393e-6,9.39056e-6,1.22e-5
0.07500000000000005,8.698268018449557e-6,9.39056e-6,1.22e-5
0.07600000000000005,8.957480012408398e-6,9.39056e-6,1.22e-5
0.07700000000000005,9.219615438907377e-6,1.01043e-5,1.294e-5
0.07800000000000006,9.485049204278076e-6,1.01043e-5,1.294e-5
0.07900000000000006,9.754237304615213e-6,1.08249e-5,1.369e-5
0.08000000000000006,1.0027631909760635e-5,1.08249e-5,1.369e-5
0.08100000000000006,1.0305590784663863e-5,1.08249e-5,1.369e-5
0.08200000000000006,1.0588296513718067e-5,1.15508e-5,1.446e-5
0.08300000000000006,1.0875700189155716e-5,1.15508e-5,1.446e-5
0.08400000000000006,1.116750077618026e-5,1.228e-5,1.524e-5
0.08500000000000006,1.1463165749894717e-5,1.228e-5,1.524e-5
0.08600000000000006,1.1761991701873037e-5,1.228e-5,1.524e-5
0.08700000000000006,1.2063196600236463e-5,1.30102e-5,1.603e-5
0.08800000000000006,1.2366029494054744e-5,1.30102e-5,1.603e-5
0.08900000000000007,1.266987977277736e-5,1.37403e-5,1.683e-5
0.09000000000000007,1.2974367367539888e-5,1.37403e-5,1.683e-5
0.09100000000000007,1.3279397761094222e-5,1.37403e-5,1.683e-5
0.09200000000000007,1.3585171046079101e-5,1.44694e-5,1.764e-5
0.09300000000000007,1.3892141704976255e-5,1.44694e-5,1.764e-5
0.09400000000000007,1.4200934056892614e-5,1.51971e-5,1.845e-5
0.09500000000000007,1.4512226018976275e-5,1.51971e-5,1.845e-5
0.09600000000000007,1.4826619615261316e-5,1.51971e-5,1.845e-5
0.09700000000000007,1.5144519481930131e-5,1.59248e-5,1.926e-5
0.09800000000000007,1.5466039902638367e-5,1.59248e-5,1.926e-5
0.09900000000000007,1.5790956694596227e-5,1.66555e-5,2.008e-5
0.10000000000000007,1.611871319148252e-5,1.66555e-5,2.008e-5
0.10100000000000008,1.6448480771179367e-5,1.66555e-5,2.008e-5
0.10200000000000008,1.6779265307014042e-5,1.73894e-5,2.09e-5
0.10300000000000008,1.711004310261971e-5,1.73894e-5,2.09e-5
0.10400000000000008,1.743990463597893e-5,1.8121e-5,2.172e-5
0.10500000000000008,1.7768182704603213e-5,1.8121e-5,2.172e-5
0.10600000000000008,1.8094543673561096e-5,1.8121e-5,2.172e-5
0.10700000000000008,1.8419026187486097e-5,1.88412e-5,2.255e-5
0.10800000000000008,1.874202003180423e-5,1.88412e-5,2.255e-5
0.10900000000000008,1.906418748430413e-5,1.95436e-5,2.337e-5
0.11000000000000008,1.9386338922239303e-5,1.95436e-5,2.337e-5
0.11100000000000008,1.9709282102901905e-5,1.95436e-5,2.337e-5
0.11200000000000009,2.0033669151907786e-5,2.0224e-5,2.419e-5
0.11300000000000009,2.0359866087821015e-5,2.0224e-5,2.419e-5
0.11400000000000009,2.0687866506280818e-5,2.08789e-5,2.501e-5
0.11500000000000009,2.101726430203542e-5,2.08789e-5,2.501e-5
0.11600000000000009,2.1347291052512895e-5,2.08789e-5,2.501e-5
0.11700000000000009,2.167691336109582e-5,2.15054e-5,2.583e-5
0.11800000000000009,2.200497568908314e-5,2.15054e-5,2.583e-5
0.11900000000000009,2.233036655517154e-5,2.2105e-5,2.663e-5
0.12000000000000009,2.265218170548838e-5,2.2105e-5,2.663e-5
0.1210000000000001,2.2969857705333528e-5,2.2105e-5,2.663e-5
0.1220000000000001,2.3283253495775857e-5,2.26864e-5,2.744e-5
0.1230000000000001,2.359266525359137e-5,2.26864e-5,2.744e-5
0.1240000000000001,2.3898770258711726e-5,2.3263e-5,2.823e-5
0.12500000000000008,2.420250684226385e-5,2.3263e-5,2.823e-5
0.12600000000000008,2.45049080871897e-5,2.3263e-5,2.823e-5
0.12700000000000009,2.480691506922337e-5,2.38468e-5,2.901e-5
0.12800000000000009,2.5109199672641194e-5,2.38468e-5,2.901e-5
0.1290000000000001,2.541202656208142e-5,2.44442e-5,2.978e-5
0.1300000000000001,2.5715178617727834e-5,2.44442e-5,2.978e-5
0.1310000000000001,2.601796068725198e-5,2.44442e-5,2.978e-5
0.1320000000000001,2.631928421457306e-5,2.50555e-5,3.054e-5
0.1330000000000001,2.6617822037004913e-5,2.50555e-5,3.054e-5
0.1340000000000001,2.6912210517810154e-5,2.56798e-5,3.13e-5
0.1350000000000001,2.7201267247795728e-5,2.56798e-5,3.13e-5
0.1360000000000001,2.7484188446080185e-5,2.56798e-5,3.13e-5
0.1370000000000001,2.7760691853682443e-5,2.63163e-5,3.203e-5
0.1380000000000001,2.8031078381253626e-5,2.63163e-5,3.203e-5
0.1390000000000001,2.8296198117594136e-5,2.69638e-5,3.276e-5
0.1400000000000001,2.8557321730760558e-5,2.69638e-5,3.276e-5
0.1410000000000001,2.8815934374628435e-5,2.69638e-5,3.276e-5
0.1420000000000001,2.9073483269050758e-5,2.762e-5,3.347e-5
0.1430000000000001,2.933111965018758e-5,2.762e-5,3.347e-5
0.1440000000000001,2.9589478907115727e-5,2.82822e-5,3.416e-5
0.1450000000000001,2.9848538530832032e-5,2.82822e-5,3.416e-5
0.1460000000000001,3.010758230086938e-5,2.82822e-5,3.416e-5
0.1470000000000001,3.036528244532883e-5,2.89479e-5,3.484e-5
0.1480000000000001,3.061989189130852e-5,2.89479e-5,3.484e-5
0.1490000000000001,3.0869519389932334e-5,2.96142e-5,3.549e-5
0.1500000000000001,3.1112444605494785e-5,2.96142e-5,3.549e-5
0.1510000000000001,3.1347421113925154e-5,2.96142e-5,3.549e-5
0.1520000000000001,3.1573914600099524e-5,3.02787e-5,3.613e-5
0.1530000000000001,3.179223194610325e-5,3.02787e-5,3.613e-5
0.1540000000000001,3.200351338805276e-5,3.09408e-5,3.675e-5
0.1550000000000001,3.220958205357525e-5,3.09408e-5,3.675e-5
0.1560000000000001,3.24126694313803e-5,3.09408e-5,3.675e-5
0.1570000000000001,3.261505757711056e-5,3.15998e-5,3.734e-5
0.1580000000000001,3.281869517568666e-5,3.15998e-5,3.734e-5
0.1590000000000001,3.3024851848962734e-5,3.22529e-5,3.792e-5
0.16000000000000011,3.323387163155812e-5,3.22529e-5,3.792e-5
0.16100000000000012,3.3445072434809116e-5,3.22529e-5,3.792e-5
0.16200000000000012,3.365681552507228e-5,3.28938e-5,3.847e-5
0.16300000000000012,3.386674109537359e-5,3.28938e-5,3.847e-5
0.16400000000000012,3.407213748994593e-5,3.35155e-5,3.9e-5
0.16500000000000012,3.427038742310327e-5,3.35155e-5,3.9e-5
0.16600000000000012,3.445941895055955e-5,3.35155e-5,3.9e-5
0.16700000000000012,3.463808502576821e-5,3.41133e-5,3.95e-5
0.16800000000000012,3.480640434764576e-5,3.41133e-5,3.95e-5
0.16900000000000012,3.496561687311201e-5,3.46863e-5,3.998e-5
0.17000000000000012,3.5118036769978614e-5,3.46863e-5,3.998e-5
0.17100000000000012,3.526671906377567e-5,3.46863e-5,3.998e-5
0.17200000000000013,3.541498826663566e-5,3.52376e-5,4.043e-5
0.17300000000000013,3.556590239802548e-5,3.52376e-5,4.043e-5
0.17400000000000013,3.572173952644943e-5,3.57737e-5,4.086e-5
0.17500000000000013,3.588359355958365e-5,3.57737e-5,4.086e-5
0.17600000000000013,3.605115105416636e-5,3.57737e-5,4.086e-5
0.17700000000000013,3.622269330189145e-5,3.63006e-5,4.126e-5
0.17800000000000013,3.63953320379599e-5,3.63006e-5,4.126e-5
0.17900000000000013,3.65654485178524e-5,3.68203e-5,4.164e-5
0.18000000000000013,3.67292707526738e-5,3.68203e-5,4.164e-5
0.18100000000000013,3.6883498321405644e-5,3.68203e-5,4.164e-5
0.18200000000000013,3.7025872930316056e-5,3.73297e-5,4.198e-5
0.18300000000000013,3.7155598116366784e-5,3.73297e-5,4.198e-5
0.18400000000000014,3.7273532898483215e-5,3.78249e-5,4.23e-5
0.18500000000000014,3.7382118795121684e-5,3.78249e-5,4.23e-5
0.18600000000000014,3.748504220106809e-5,3.78249e-5,4.23e-5
0.18700000000000014,3.758667791599549e-5,3.83039e-5,4.259e-5
0.18800000000000014,3.769139747376542e-5,3.83039e-5,4.259e-5
0.18900000000000014,3.780285139052553e-5,3.87647e-5,4.285e-5
0.19000000000000014,3.79233428882101e-5,3.87647e-5,4.285e-5
0.19100000000000014,3.8053400036949485e-5,3.87647e-5,4.285e-5
0.19200000000000014,3.819162462004369e-5,3.92026e-5,4.308e-5
0.19300000000000014,3.833485337501411e-5,3.92026e-5,4.308e-5
0.19400000000000014,3.847861707044683e-5,3.96098e-5,4.328e-5
0.19500000000000015,3.861783309826389e-5,3.96098e-5,4.328e-5
0.19600000000000015,3.874762610353136e-5,3.96098e-5,4.328e-5
0.19700000000000015,3.8864145768315596e-5,3.99775e-5,4.345e-5
0.19800000000000015,3.8965246050933734e-5,3.99775e-5,4.345e-5
0.19900000000000015,3.9050907613966155e-5,4.02982e-5,4.359e-5
0.20000000000000015,3.912332291743177e-5,4.02982e-5,4.359e-5
0.20100000000000015,3.918661613619053e-5,4.02982e-5,4.359e-5
0.20200000000000015,3.924622960472077e-5,4.05675e-5,4.37e-5
0.20300000000000015,3.930806532089848e-5,4.05675e-5,4.37e-5
0.20400000000000015,3.937751459105266e-5,4.07868e-5,4.377e-5
0.20500000000000015,3.9458533209591945e-5,4.07868e-5,4.377e-5
0.20600000000000016,3.955291867592613e-5,4.07868e-5,4.377e-5
0.20700000000000016,3.965991886833734e-5,4.09635e-5,4.382e-5
0.20800000000000016,3.9776251657724655e-5,4.09635e-5,4.382e-5
0.20900000000000016,3.989654947555544e-5,4.11067e-5,4.384e-5
0.21000000000000016,4.001417212264109e-5,4.11067e-5,4.384e-5
0.21100000000000016,4.012226676120118e-5,4.11067e-5,4.384e-5
0.21200000000000016,4.0214907191758657e-5,4.12233e-5,4.382e-5
0.21300000000000016,4.028812387367649e-5,4.12233e-5,4.382e-5
0.21400000000000016,4.034064638537884e-5,4.1315e-5,4.377e-5
0.21500000000000016,4.037422081753646e-5,4.1315e-5,4.377e-5
0.21600000000000016,4.03934304396251e-5,4.1315e-5,4.377e-5
0.21700000000000016,4.040502886270601e-5,4.13809e-5,4.37e-5
0.21800000000000017,4.0416877807843734e-5,4.13809e-5,4.37e-5
0.21900000000000017,4.043665250848824e-5,4.14197e-5,4.359e-5
0.22000000000000017,4.0470524151663056e-5,4.14197e-5,4.359e-5
0.22100000000000017,4.052204162977268e-5,4.14197e-5,4.359e-5
0.22200000000000017,4.0591410569822015e-5,4.14314e-5,4.345e-5
0.22300000000000017,4.067530863890044e-5,4.14314e-5,4.345e-5
0.22400000000000017,4.076729102265921e-5,4.1416e-5,4.329e-5
0.22500000000000017,4.085874209400054e-5,4.1416e-5,4.329e-5
0.22600000000000017,4.094023474410192e-5,4.1416e-5,4.329e-5
0.22700000000000017,4.1003083867482234e-5,4.1373e-5,4.309e-5
0.22800000000000017,4.104083865563539e-5,4.1373e-5,4.309e-5
0.22900000000000018,4.105045815427331e-5,4.13027e-5,4.286e-5
0.23000000000000018,4.103295772612061e-5,4.13027e-5,4.286e-5
0.23100000000000018,4.0993395063770426e-5,4.13027e-5,4.286e-5
0.23200000000000018,4.0940170981829204e-5,4.12093e-5,4.26e-5
0.23300000000000018,4.088373531042007e-5,4.12093e-5,4.26e-5
0.23400000000000018,4.08348926186447e-5,4.11004e-5,4.231e-5
0.23500000000000018,4.080297808774765e-5,4.11004e-5,4.231e-5
0.23600000000000018,4.0794206689413065e-5,4.11004e-5,4.231e-5
0.23700000000000018,4.081048167954707e-5,4.0982e-5,4.2e-5
0.23800000000000018,4.084888225761586e-5,4.0982e-5,4.2e-5
0.23900000000000018,4.090194436104065e-5,4.08535e-5,4.165e-5
0.24000000000000019,4.09587193191501e-5,4.08535e-5,4.165e-5
0.2410000000000002,4.100646339060903e-5,4.08535e-5,4.165e-5
0.2420000000000002,4.1032699149615836e-5,4.07093e-5,4.128e-5
0.2430000000000002,4.102731687485042e-5,4.07093e-5,4.128e-5
0.2440000000000002,4.098436425700706e-5,4.05447e-5,4.088e-5
0.2450000000000002,4.090321120744064e-5,4.05447e-5,4.088e-5
0.2460000000000002,4.0788869067715826e-5,4.05447e-5,4.088e-5
0.2470000000000002,4.065137662072314e-5,4.03594e-5,4.045e-5
0.2480000000000002,4.050431823514755e-5,4.03594e-5,4.045e-5
0.2490000000000002,4.036268740467541e-5,4.01562e-5,4.0e-5
0.25000000000000017,4.0240426958449736e-5,4.01562e-5,4.0e-5
0.25100000000000017,4.01480444737795e-5,4.01562e-5,4.0e-5
0.25200000000000017,4.009070475240512e-5,3.99364e-5,3.952e-5
0.25300000000000017,4.006713761394285e-5,3.99364e-5,3.952e-5
0.25400000000000017,4.00695767226999e-5,3.96989e-5,3.902e-5
0.25500000000000017,4.008478180589036e-5,3.96989e-5,3.902e-5
0.25600000000000017,4.009601802729213e-5,3.96989e-5,3.902e-5
0.2570000000000002,4.0085701554977414e-5,3.94424e-5,3.849e-5
0.2580000000000002,4.0038297444174493e-5,3.94424e-5,3.849e-5
0.2590000000000002,3.9942996951284844e-5,3.91673e-5,3.794e-5
0.2600000000000002,3.979571868669812e-5,3.91673e-5,3.794e-5
0.2610000000000002,3.960007183138189e-5,3.91673e-5,3.794e-5
0.2620000000000002,3.936707753290926e-5,3.8877e-5,3.737e-5
0.2630000000000002,3.911364297085457e-5,3.8877e-5,3.737e-5
0.2640000000000002,3.8859990156720736e-5,3.85752e-5,3.677e-5
0.2650000000000002,3.862642419167619e-5,3.85752e-5,3.677e-5
0.2660000000000002,3.84299520233285e-5,3.85752e-5,3.677e-5
0.2670000000000002,3.828130931438382e-5,3.82629e-5,3.616e-5
0.2680000000000002,3.818290869891837e-5,3.82629e-5,3.616e-5
0.2690000000000002,3.812809092333728e-5,3.79399e-5,3.552e-5
0.2700000000000002,3.8101859313572176e-5,3.79399e-5,3.552e-5
0.2710000000000002,3.808303817267353e-5,3.79399e-5,3.552e-5
0.2720000000000002,3.804755539674311e-5,3.76072e-5,3.486e-5
0.2730000000000002,3.797234888577171e-5,3.76072e-5,3.486e-5
0.2740000000000002,3.7839270481826506e-5,3.72664e-5,3.419e-5
0.2750000000000002,3.763833452707983e-5,3.72664e-5,3.419e-5
0.2760000000000002,3.736973954463525e-5,3.72664e-5,3.419e-5
0.2770000000000002,3.704427217199056e-5,3.69148e-5,3.35e-5
0.2780000000000002,3.668195647289935e-5,3.69148e-5,3.35e-5
0.2790000000000002,3.63090998071209e-5,3.6543e-5,3.279e-5
0.2800000000000002,3.59541617500666e-5,3.6543e-5,3.279e-5
0.2810000000000002,3.5643088354299657e-5,3.6543e-5,3.279e-5
0.2820000000000002,3.5394871452739886e-5,3.61404e-5,3.207e-5
0.2830000000000002,3.5218087635870105e-5,3.61404e-5,3.207e-5
0.2840000000000002,3.510903943777772e-5,3.57019e-5,3.133e-5
0.2850000000000002,3.505187877087563e-5,3.57019e-5,3.133e-5
0.2860000000000002,3.502077573215018e-5,3.57019e-5,3.133e-5
0.2870000000000002,3.498385468482423e-5,3.52296e-5,3.058e-5
0.2880000000000002,3.49083104332395e-5,3.52296e-5,3.058e-5
0.2890000000000002,3.476589384994992e-5,3.47293e-5,2.982e-5
0.2900000000000002,3.4537859860953115e-5,3.47293e-5,2.982e-5
0.2910000000000002,3.42185229765236e-5,3.47293e-5,2.982e-5
0.2920000000000002,3.381676411296058e-5,3.4207e-5,2.904e-5
0.2930000000000002,3.335515000351e-5,3.4207e-5,2.904e-5
0.2940000000000002,3.286671448748751e-5,3.36664e-5,2.826e-5
0.2950000000000002,3.238984687160299e-5,3.36664e-5,2.826e-5
0.2960000000000002,3.196206987914711e-5,3.36664e-5,2.826e-5
0.2970000000000002,3.1613709060476875e-5,3.31059e-5,2.747e-5
0.2980000000000002,3.136251501855169e-5,3.31059e-5,2.747e-5
0.2990000000000002,3.121018277835755e-5,3.25191e-5,2.667e-5
0.3000000000000002,3.1141431611406716e-5,3.25191e-5,2.667e-5
0.3010000000000002,3.112590434199305e-5,3.25191e-5,2.667e-5
0.3020000000000002,3.112268080585121e-5,3.18998e-5,2.586e-5
0.3030000000000002,3.108675158998431e-5,3.18998e-5,2.586e-5
0.3040000000000002,3.097644171497452e-5,3.12482e-5,2.505e-5
0.3050000000000002,3.076057329805095e-5,3.12482e-5,2.505e-5
0.3060000000000002,3.042415147889514e-5,3.12482e-5,2.505e-5
0.3070000000000002,2.9971557591701962e-5,3.05712e-5,2.423e-5
0.3080000000000002,2.9426612211167814e-5,3.05712e-5,2.423e-5
0.3090000000000002,2.882937163998879e-5,2.98761e-5,2.341e-5
0.3100000000000002,2.823006519735933e-5,2.98761e-5,2.341e-5
0.3110000000000002,2.768107756151479e-5,2.98761e-5,2.341e-5
0.3120000000000002,2.7228245054903884e-5,2.91669e-5,2.258e-5
0.3130000000000002,2.690290068302999e-5,2.91669e-5,2.258e-5
0.3140000000000002,2.6716034281784113e-5,2.8446e-5,2.176e-5
0.3150000000000002,2.6655633581344078e-5,2.8446e-5,2.176e-5
0.3160000000000002,2.6687780667714894e-5,2.8446e-5,2.176e-5
0.3170000000000002,2.6761471117674183e-5,2.77172e-5,2.094e-5
0.3180000000000002,2.6816497233112742e-5,2.77172e-5,2.094e-5
0.31900000000000023,2.679319645116113e-5,2.69858e-5,2.012e-5
0.32000000000000023,2.6642505052600117e-5,2.69858e-5,2.012e-5
0.32100000000000023,2.633464328086609e-5,2.69858e-5,2.012e-5
0.32200000000000023,2.5864919806167364e-5,2.62549e-5,1.93e-5
0.32300000000000023,2.5255565022655428e-5,2.62549e-5,1.93e-5
0.32400000000000023,2.455312379160635e-5,2.55248e-5,1.848e-5
0.32500000000000023,2.3821663036509297e-5,2.55248e-5,1.848e-5
0.32600000000000023,2.3132761005907845e-5,2.55248e-5,1.848e-5
0.32700000000000023,2.255382354191836e-5,2.47947e-5,1.767e-5
0.32800000000000024,2.2136616208181692e-5,2.47947e-5,1.767e-5
0.32900000000000024,2.1907942642214542e-5,2.40659e-5,1.687e-5
0.33000000000000024,2.186411971983963e-5,2.40659e-5,1.687e-5
0.33100000000000024,2.1970332639999155e-5,2.40659e-5,1.687e-5
0.33200000000000024,2.2165180872688292e-5,2.33414e-5,1.607e-5
0.33300000000000024,2.2369869690511724e-5,2.33414e-5,1.607e-5
0.33400000000000024,2.2500701398204936e-5,2.26223e-5,1.528e-5
0.33500000000000024,2.2482911584302553e-5,2.26223e-5,1.528e-5
0.33600000000000024,2.2263588592408933e-5,2.26223e-5,1.528e-5
0.33700000000000024,2.1821472991641408e-5,2.19059e-5,1.45e-5
0.33800000000000024,2.117186372646308e-5,2.19059e-5,1.45e-5
0.33900000000000025,2.0365602598899984e-5,2.11873e-5,1.373e-5
0.34000000000000025,1.9482057439416526e-5,2.11873e-5,1.373e-5
0.34100000000000025,1.86170265755512e-5,2.11873e-5,1.373e-5
0.34200000000000025,1.7867377440794324e-5,2.04622e-5,1.297e-5
0.34300000000000025,1.731485646714462e-5,2.04622e-5,1.297e-5
0.34400000000000025,1.7011749789789203e-5,1.97285e-5,1.223e-5
0.34500000000000025,1.6970877780077233e-5,1.97285e-5,1.223e-5
0.34600000000000025,1.7161785147152274e-5,1.97285e-5,1.223e-5
0.34700000000000025,1.7514028283173382e-5,1.89878e-5,1.15e-5
0.34800000000000025,1.792730919437805e-5,1.89878e-5,1.15e-5
0.34900000000000025,1.828704588172745e-5,1.82455e-5,1.078e-5
0.35000000000000026,1.8482996733746575e-5,1.82455e-5,1.078e-5
0.35100000000000026,1.8427942657794936e-5,1.82455e-5,1.078e-5
0.35200000000000026,1.8073293771232073e-5,1.75084e-5,1.008e-5
0.35300000000000026,1.7418870935405594e-5,1.75084e-5,1.008e-5
0.35400000000000026,1.651497408194394e-5,1.67816e-5,9.396e-6
0.35500000000000026,1.545606477554563e-5,1.67816e-5,9.396e-6
0.35600000000000026,1.4366770557797585e-5,1.67816e-5,9.396e-6
0.35700000000000026,1.3382238303124641e-5,1.60672e-5,8.73e-6
0.35800000000000026,1.262589861563693e-5,1.60672e-5,8.73e-6
0.35900000000000026,1.2188267095608864e-5,1.53654e-5,8.083e-6
0.36000000000000026,1.2110386349685306e-5,1.53654e-5,8.083e-6
0.36100000000000027,1.2374883877181986e-5,1.53654e-5,8.083e-6
0.36200000000000027,1.2906465653754854e-5,1.46746e-5,7.455e-6
0.36300000000000027,1.3582155593386592e-5,1.46746e-5,7.455e-6
0.36400000000000027,1.4249966225118041e-5,1.39921e-5,6.848e-6
0.36500000000000027,1.4753214404755363e-5,1.39921e-5,6.848e-6
0.36600000000000027,1.4956631623889493e-5,1.39921e-5,6.848e-6
0.36700000000000027,1.4769957419806774e-5,1.33171e-5,6.262e-6
0.36800000000000027,1.4164949068323354e-5,1.33171e-5,6.262e-6
0.36900000000000027,1.3182679159095269e-5,1.26538e-5,5.698e-6
0.3700000000000003,1.192949557624265e-5,1.26538e-5,5.698e-6
0.3710000000000003,1.056185631413362e-5,1.26538e-5,5.698e-6
0.3720000000000003,9.262129172882484e-6,1.20084e-5,5.158e-6
0.3730000000000003,8.209049684987351e-6,1.20084e-5,5.158e-6
0.3740000000000003,7.547578943179624e-6,1.13834e-5,4.641e-6
0.3750000000000003,7.363197550363349e-6,1.13834e-5,4.641e-6
0.3760000000000003,7.665132554615905e-6,1.13834e-5,4.641e-6
0.3770000000000003,8.381697718533216e-6,1.07747e-5,4.148e-6
0.3780000000000003,9.369023416054014e-6,1.07747e-5,4.148e-6
0.3790000000000003,1.0432256798738147e-5,1.01757e-5,3.681e-6
0.3800000000000003,1.1356182460201546e-5,1.01757e-5,3.681e-6
0.3810000000000003,1.1940508889405717e-5,1.01757e-5,3.681e-6
0.3820000000000003,1.203408984883213e-5,9.58254e-6,3.24e-6
0.3830000000000003,1.1562295649333447e-5,9.58254e-6,3.24e-6
0.3840000000000003,1.0542663418098335e-5,8.99521e-6,2.825e-6
0.3850000000000003,9.085723630356994e-6,8.99521e-6,2.825e-6
0.3860000000000003,7.38026036556855e-6,8.99521e-6,2.825e-6
0.3870000000000003,5.664843143391411e-6,8.41494e-6,2.436e-6
0.3880000000000003,4.189845120072185e-6,8.41494e-6,2.436e-6
0.3890000000000003,3.1759292481852717e-6,7.84292e-6,2.076e-6
0.3900000000000003,2.7758199184196695e-6,7.84292e-6,2.076e-6
0.3910000000000003,3.0459048039139245e-6,7.84292e-6,2.076e-6
0.3920000000000003,3.932830823566611e-6,7.28037e-6,1.743e-6
0.3930000000000003,5.277955628409186e-6,7.28037e-6,1.743e-6
0.3940000000000003,6.839639993906543e-6,6.72823e-6,1.439e-6
0.3950000000000003,8.330375351420166e-6,6.72823e-6,1.439e-6
0.3960000000000003,9.463130739775664e-6,6.72823e-6,1.439e-6
0.3970000000000003,9.999527466426428e-6,6.18734e-6,1.164e-6
0.3980000000000003,9.7918394022532e-6,6.18734e-6,1.164e-6
0.3990000000000003,8.811522212219557e-6,5.65986e-6,9.19e-7
0.4000000000000003,7.158931950218734e-6,5.65986e-6,9.19e-7
0.4010000000000003,5.05182611220258e-6,5.65986e-6,9.19e-7
0.4020000000000003,2.793697493521114e-6,5.14967e-6,7.034e-7
0.4030000000000003,7.264155771553938e-7,5.14967e-6,7.034e-7
0.4040000000000003,-8.255333850669186e-7,4.66033e-6,5.178e-7
0.4050000000000003,-1.6102051053207466e-6,4.66033e-6,5.178e-7
0.4060000000000003,-1.4934788489422226e-6,4.66033e-6,5.178e-7
0.4070000000000003,-4.864560968481413e-7,4.19347e-6,3.626e-7
0.4080000000000003,1.2503641248005757e-6,4.19347e-6,3.626e-7
0.4090000000000003,3.4278015287713375e-6,3.7502e-6,2.38e-7
0.4100000000000003,5.671165357439068e-6,3.7502e-6,2.38e-7
0.4110000000000003,7.579574128808319e-6,3.7502e-6,2.38e-7
0.4120000000000003,8.792145965561559e-6,3.33249e-6,1.441e-7
0.4130000000000003,9.05024016988501e-6,3.33249e-6,1.441e-7
0.4140000000000003,8.245140286620424e-6,2.94132e-6,8.094e-8
0.4150000000000003,6.4425674995653436e-6,2.94132e-6,8.094e-8
0.4160000000000003,3.878940765660055e-6,2.94132e-6,8.094e-8
0.4170000000000003,9.288289803839544e-7,2.57381e-6,4.867e-8
0.4180000000000003,-1.9521473029898755e-6,2.57381e-6,4.867e-8
0.4190000000000003,-4.300407399932978e-6,2.22423e-6,4.731e-8
0.4200000000000003,-5.721894405641044e-6,2.22423e-6,4.731e-8
0.4210000000000003,-5.961126940164556e-6,2.22423e-6,4.731e-8
0.4220000000000003,-4.949872566140993e-6,1.88868e-6,7.686e-8
0.4230000000000003,-2.826418102914473e-6,1.88868e-6,7.686e-8
0.4240000000000003,7.902834327768616e-8,1.56783e-6,1.373e-7
0.4250000000000003,3.291768095273755e-6,1.56783e-6,1.373e-7
0.4260000000000003,6.266282566959012e-6,1.56783e-6,1.373e-7
0.4270000000000003,8.4748685514427e-6,1.26452e-6,2.285e-7
0.4280000000000003,9.496978443877367e-6,1.26452e-6,2.285e-7
0.4290000000000003,9.094292032756751e-6,9.79649e-7,3.504e-7
0.4300000000000003,7.258318404848259e-6,9.79649e-7,3.504e-7
0.4310000000000003,4.221390101302268e-6,9.79649e-7,3.504e-7
0.43200000000000033,4.276797262997879e-7,7.11734e-7,5.029e-7
0.43300000000000033,-3.532556468105725e-6,7.11734e-7,5.029e-7
0.43400000000000033,-7.0159940732340016e-6,4.60415e-7,6.857e-7
0.43500000000000033,-9.432027808881187e-6,4.60415e-7,6.857e-7
0.43600000000000033,-1.0344097192526523e-5,4.60415e-7,6.857e-7
0.43700000000000033,-9.549352010629468e-6,2.28895e-7,8.987e-7
0.43800000000000033,-7.122384105055374e-6,2.28895e-7,8.987e-7
0.43900000000000033,-3.4141954778775772e-6,2.2191e-8,1.141e-6
0.44000000000000034,9.952758014712066e-7,2.2191e-8,1.141e-6
0.44100000000000034,5.385021727730343e-6,2.2191e-8,1.141e-6
0.44200000000000034,9.008140833573794e-6,-1.5599e-7,1.414e-6
0.44300000000000034,1.1216118542489754e-5,-1.5599e-7,1.414e-6
0.44400000000000034,1.1571725993071857e-5,-3.04133e-7,1.715e-6
0.44500000000000034,9.931118443641161e-6,-3.04133e-7,1.715e-6
0.44600000000000034,6.480084674749182e-6,-3.04133e-7,1.715e-6
0.44700000000000034,1.7164748066165145e-6,-4.22009e-7,2.045e-6
0.44800000000000034,-3.6204611853604286e-6,-4.22009e-7,2.045e-6
0.44900000000000034,-8.66415253781896e-6,-5.10046e-7,2.403e-6
0.45000000000000034,-1.2560849293706925e-5,-5.10046e-7,2.403e-6
0.45100000000000035,-1.4613384920962507e-5,-5.10046e-7,2.403e-6
0.45200000000000035,-1.4404588709197928e-5,-5.68839e-7,2.789e-6
0.45300000000000035,-1.1878805943315968e-5,-5.68839e-7,2.789e-6
0.45400000000000035,-7.3661266559550384e-6,-5.98145e-7,3.202e-6
0.45500000000000035,-1.5429017606061507e-6,-5.98145e-7,3.202e-6
0.45600000000000035,4.667451199159856e-6,-5.98145e-7,3.202e-6
0.45700000000000035,1.0239170541538419e-5,-5.9664e-7,3.641e-6
0.45800000000000035,1.4211999827167085e-5,-5.9664e-7,3.641e-6
0.45900000000000035,1.585496291899952e-5,-5.63874e-7,4.106e-6
0.46000000000000035,1.4798428074605834e-5,-5.63874e-7,4.106e-6
0.46100000000000035,1.111100549998397e-5,-5.63874e-7,4.106e-6
0.46200000000000035,5.3061089138101594e-6,-5.02696e-7,4.596e-6
0.46300000000000036,-1.7258177296081007e-6,-5.02696e-7,4.596e-6
0.46400000000000036,-8.851106299411556e-6,-4.18526e-7,5.111e-6
0.46500000000000036,-1.4872985750425286e-5,-4.18526e-7,5.111e-6
0.46600000000000036,-1.872972108763986e-5,-4.18526e-7,5.111e-6
0.46700000000000036,-1.96782834323564e-5,-3.15298e-7,5.649e-6
0.46800000000000036,-1.7432149690603447e-5,-3.15298e-7,5.649e-6
0.46900000000000036,-1.2228225438426647e-5,-1.93055e-7,6.211e-6
0.47000000000000036,-4.808737027168669e-6,-1.93055e-7,6.211e-6
0.47100000000000036,3.682386536295738e-6,-1.93055e-7,6.211e-6
0.47200000000000036,1.1874800506038352e-5,-5.06423e-8,6.795e-6
0.47300000000000036,1.8392265810275015e-5,-5.06423e-8,6.795e-6
0.47400000000000037,2.2083288889349558e-5,1.10572e-7,7.4e-6
0.47500000000000037,2.222361123023582e-5,1.10572e-7,7.4e-6
0.47600000000000037,1.865541454755711e-5,1.10572e-7,7.4e-6
0.47700000000000037,1.1837265104568579e-5,2.87865e-7,8.026e-6
0.47800000000000037,2.7927156533981706e-6,2.87865e-7,8.026e-6
0.47900000000000037,-7.038017515934179e-6,4.81509e-7,8.672e-6
0.48000000000000037,-1.6022440945009537e-5,4.81509e-7,8.672e-6
0.48100000000000037,-2.2601744062861393e-5,4.81509e-7,8.672e-6
0.4820000000000004,-2.5555434213547905e-5,6.9576e-7,9.336e-6
0.4830000000000004,-2.4220186532502184e-5,6.9576e-7,9.336e-6
0.4840000000000004,-1.8624282158875373e-5,9.35461e-7,1.002e-5
0.4850000000000004,-9.511566408643293e-6,9.35461e-7,1.002e-5
0.4860000000000004,1.7536857038788708e-6,9.35461e-7,1.002e-5
0.4870000000000004,1.3389980965506789e-5,1.20303e-6,1.072e-5
0.4880000000000004,2.3480283758089334e-5,1.20303e-6,1.072e-5
0.4890000000000004,3.0288141883347836e-5,1.49827e-6,1.143e-5
0.4900000000000004,3.255663453221544e-5,1.49827e-6,1.143e-5
0.4910000000000004,2.973924994598176e-5,1.49827e-6,1.143e-5
0.4920000000000004,2.212110947480831e-5,1.81947e-6,1.216e-5
0.4930000000000004,1.080563218548274e-5,1.81947e-6,1.216e-5
0.4940000000000004,-2.4367130123364534e-6,2.16473e-6,1.291e-5
0.4950000000000004,-1.543790812240242e-5,2.16473e-6,1.291e-5
0.4960000000000004,-2.5979810776819133e-5,2.16473e-6,1.291e-5
0.4970000000000004,-3.216441607935399e-5,2.53334e-6,1.366e-5
0.4980000000000004,-3.2745746271833825e-5,2.53334e-6,1.366e-5
0.4990000000000004,-2.7366059067527747e-5,2.92593e-6,1.443e-5
0.5000000000000003,-1.6652749959804693e-5,2.92593e-6,1.443e-5
