t,p_dibem_0_4_0_0_,p_exact_0_4_0_0_,error_0_4_0_0_,p_dibem_0_7_0_0_,p_exact_0_7_0_0_,error_0_7_0_0_,p_dibem_0_5_0_5_,p_exact_0_5_0_5_,error_0_5_0_5_
0.000000000000e+00,0.000000000000e+00,0.000000000000e+00,0.000000000000e+00,0.000000000000e+00,0.000000000000e+00,0.000000000000e+00,0.000000000000e+00,0.000000000000e+00,0.000000000000e+00
1.000000000000e-02,1.160198789408e-10,6.832078710332e-14,1.159515581537e-10,1.582572801804e-10,6.832322727025e-14,1.581889569531e-10,1.704447314215e-10,6.832342676113e-14,1.703764079948e-10
2.000000000000e-02,9.829324347964e-10,3.866333960000e-13,9.825458014004e-10,1.008972824710e-09,3.866472517737e-13,1.008586177458e-09,9.013880426416e-10,3.866483808324e-13,9.010013942608e-10
3.000000000000e-02,3.133337306801e-09,1.272828695990e-12,3.132064478105e-09,3.564789438391e-09,1.272874622934e-12,3.563516563769e-09,3.684898076403e-09,1.272878340124e-12,3.683625198063e-09
4.000000000000e-02,7.880337971441e-09,3.412830728195e-12,7.876925140713e-09,8.945347969050e-09,3.412955449943e-12,8.941935013600e-09,9.340178671096e-09,3.412965417156e-12,9.336765705678e-09
5.000000000000e-02,1.814876850760e-08,8.214555395628e-12,1.814055395221e-08,1.978394708490e-08,8.214862631318e-12,1.977573222227e-08,2.001605894772e-08,8.214886622106e-12,2.000784406110e-08
6.000000000000e-02,4.212730641570e-08,1.847835862903e-11,4.210882805707e-08,4.163966734122e-08,1.847907880927e-11,4.162118826241e-08,4.020699184805e-08,1.847913277646e-11,4.018851271527e-08
7.000000000000e-02,8.930860746858e-08,3.956346261366e-11,8.926904400597e-08,8.507783038073e-08,3.956511821876e-11,8.503826526251e-08,8.221128485996e-08,3.956523376704e-11,8.217171962619e-08
8.000000000000e-02,1.826878614767e-07,8.133876265957e-11,1.826065227140e-07,1.714872865949e-07,8.134259119487e-11,1.714059440037e-07,1.670564256408e-07,8.134282875395e-11,1.669750828120e-07
9.000000000000e-02,3.612493029834e-07,1.612753520573e-10,3.610880276314e-07,3.391000656467e-07,1.612844680576e-10,3.389387811786e-07,3.309987442726e-07,1.612849390855e-10,3.308374593335e-07
1.000000000000e-01,6.808234069601e-07,3.090744092568e-10,6.805143325508e-07,6.525512102590e-07,3.090971517937e-10,6.522421131072e-07,6.327084991198e-07,3.090980545142e-10,6.323994010653e-07
1.100000000000e-01,1.243768297849e-06,5.731559678194e-10,1.243195141881e-06,1.209844843011e-06,5.732157241294e-10,1.209271627287e-06,1.184066086112e-06,5.732173982077e-10,1.183492868713e-06
1.200000000000e-01,2.208984421855e-06,1.029081183341e-09,2.207955340672e-06,2.171714339968e-06,1.029245085437e-09,2.170685094883e-06,2.143427100455e-06,1.029248091367e-09,2.142397852364e-06
1.300000000000e-01,3.797725377220e-06,1.789457229471e-09,3.795935919991e-06,3.764550583862e-06,1.789918380681e-09,3.762760665482e-06,3.721978144589e-06,1.789923608193e-09,3.720188220981e-06
1.400000000000e-01,6.343016507132e-06,3.014021812578e-09,6.340002485319e-06,6.325927396397e-06,3.015328521912e-09,6.322912067875e-06,6.254367626803e-06,3.015337328297e-09,6.251352289474e-06
1.500000000000e-01,1.028070294568e-05,4.917435740350e-09,1.027578550994e-05,1.029650440596e-05,4.921110759877e-09,1.029158329520e-05,1.017359950974e-05,4.921125132252e-09,1.016867838461e-05
1.600000000000e-01,1.615866774508e-05,7.770943277535e-09,1.615089680180e-05,1.623622478949e-05,7.781101806182e-09,1.622844368768e-05,1.604032341355e-05,7.781124531487e-09,1.603254228901e-05
1.700000000000e-01,2.464143126554e-05,1.189269885195e-08,2.462953856669e-05,2.480556224620e-05,1.192013568723e-08,2.479364211052e-05,2.451766501133e-05,1.192017050098e-08,2.450574484083e-05
1.800000000000e-01,3.644754522466e-05,1.762039193911e-08,3.642992483272e-05,3.672432748176e-05,1.769256428139e-08,3.670663491748e-05,3.631858257117e-05,1.769261595420e-08,3.630088995522e-05
1.900000000000e-01,5.226907447067e-05,2.525872638391e-08,5.224381574428e-05,5.268720536513e-05,2.544334285703e-08,5.266176202228e-05,5.213662744828e-05,2.544341716679e-08,5.211118403112e-05
2.000000000000e-01,7.267168424881e-05,3.499245938899e-08,7.263669178942e-05,7.324628056803e-05,3.545144633214e-08,7.321082912170e-05,7.253985943378e-05,3.545154987170e-08,7.250440788391e-05
2.100000000000e-01,9.794282993869e-05,4.675075200560e-08,9.789607918669e-05,9.867137136942e-05,4.785989394796e-08,9.862351147547e-05,9.781725369506e-05,4.786003372775e-08,9.776939366133e-05
2.200000000000e-01,1.279508898420e-04,5.999582470773e-08,1.278908940173e-04,1.287994446673e-04,6.260203904765e-08,1.287368426283e-04,1.278384383321e-04,6.260222188459e-08,1.277758361102e-04
2.300000000000e-01,1.620101428087e-04,7.338014171779e-08,1.619367626670e-04,1.629194499424e-04,7.933865326415e-08,1.628401112892e-04,1.619219507291e-04,7.933888498176e-08,1.618426118441e-04
2.400000000000e-01,1.988358653677e-04,8.415848146537e-08,1.987517068862e-04,1.997016635966e-04,9.742292592934e-08,1.996042406707e-04,1.987734433357e-04,9.742321046711e-08,1.986760201252e-04
2.500000000000e-01,2.365300927680e-04,8.713460279873e-08,2.364429581652e-04,2.372033381021e-04,1.159091639900e-07,2.370874289381e-04,2.364904385557e-04,1.159095025188e-07,2.363745290532e-04
2.600000000000e-01,2.727324779638e-04,7.273830767438e-08,2.726597396561e-04,2.730080782290e-04,1.336148748080e-07,2.728744633542e-04,2.726911382917e-04,1.336152650507e-07,2.725575230266e-04
2.700000000000e-01,3.048432998963e-04,2.352761013684e-08,3.048197722862e-04,3.044885603589e-04,1.492355831006e-07,3.043393247758e-04,3.047381787206e-04,1.492360189657e-07,3.045889427016e-04
2.800000000000e-01,3.303416051690e-04,-9.206150920208e-08,3.304336666782e-04,3.290845198940e-04,1.614992749252e-07,3.289230206191e-04,3.300462157096e-04,1.614997466093e-07,3.298847159630e-04
2.900000000000e-01,3.470977766272e-04,-3.306077336749e-07,3.474283843609e-04,3.446640774395e-04,1.693360479251e-07,3.444947413916e-04,3.464214846310e-04,1.693365424987e-07,3.462521480885e-04
3.000000000000e-01,3.536854476057e-04,-7.921629679450e-07,3.544776105736e-04,3.498262728879e-04,1.720318788049e-07,3.496542410091e-04,3.523689692344e-04,1.720323812540e-07,3.521969368532e-04
3.100000000000e-01,3.495366030350e-04,-1.650635557513e-06,3.511872385925e-04,3.441128741721e-04,1.693359275130e-07,3.439435382446e-04,3.473052663570e-04,1.693364220884e-07,3.471359299349e-04
3.200000000000e-01,3.349513449374e-04,-3.202346790595e-06,3.381536917280e-04,3.280757299865e-04,1.614990341039e-07,3.279142309524e-04,3.316718163761e-04,1.614995057910e-07,3.315103168703e-04
3.300000000000e-01,3.108936434409e-04,-5.941331664678e-06,3.168349751056e-04,3.031921898025e-04,1.492352218669e-07,3.030429545806e-04,3.068476967164e-04,1.492356577367e-07,3.066984610587e-04
3.400000000000e-01,2.786048959088e-04,-1.067253977038e-05,2.892774356792e-04,2.716557109535e-04,1.336143931647e-07,2.715220965603e-04,2.749442064905e-04,1.336147834116e-07,2.748105917071e-04
3.500000000000e-01,2.390211371192e-04,-1.867652678495e-05,2.576976639042e-04,2.360353159058e-04,1.159085619360e-07,2.359194073438e-04,2.385207167915e-04,1.159089004678e-07,2.384048078910e-04
3.600000000000e-01,1.921014686440e-04,-3.194075090556e-05,2.240422195496e-04,1.989497340161e-04,9.742220346038e-08,1.988523118126e-04,2.002447480223e-04,9.742248800735e-08,2.001473255343e-04
3.700000000000e-01,1.360763952181e-04,-5.347200568253e-05,1.895484009006e-04,1.627370747781e-04,7.933781037315e-08,1.626577369677e-04,1.625867234880e-04,7.933804210892e-08,1.625073854459e-04
3.800000000000e-01,6.677593359800e-05,-8.770017564981e-05,1.544761092478e-04,1.292485362143e-04,6.260107570285e-08,1.291859351386e-04,1.275678273047e-04,6.260125859995e-08,1.275052260461e-04
3.900000000000e-01,-2.300018628835e-05,-1.409733802832e-04,1.179731939949e-04,9.972718636546e-05,4.785881003621e-08,9.967932755543e-05,9.663376227993e-05,4.785895001823e-08,9.658590332991e-05
4.000000000000e-01,-1.439432234798e-04,-2.221266007069e-04,7.818337722705e-05,7.478574566311e-05,3.545024143735e-08,7.475029542167e-05,7.059327985574e-05,3.545034571203e-08,7.055782951002e-05
4.100000000000e-01,-3.103946810218e-04,-3.430784781857e-04,3.268379716387e-05,5.450412165065e-05,2.544201553199e-08,5.447867963511e-05,4.969793436695e-05,2.544209244093e-08,4.967249227451e-05
4.200000000000e-01,-5.402573971495e-04,-5.193738602025e-04,-2.088353694706e-05,3.855542577062e-05,1.769110966889e-08,3.853773466095e-05,3.373083658697e-05,1.769117025804e-08,3.371314541672e-05
4.300000000000e-01,-8.544637596548e-04,-7.705449068149e-04,-8.391885283993e-05,2.637574344143e-05,1.191853806459e-08,2.636382490337e-05,2.215162764027e-05,1.191860240941e-08,2.213970903786e-05
4.400000000000e-01,-1.275971054986e-03,-1.120116581962e-03,-1.558544730237e-04,1.730314742250e-05,7.779312094348e-09,1.729536811040e-05,1.422946665679e-05,7.779429271066e-09,1.422168722752e-05
4.500000000000e-01,-1.828207705753e-03,-1.595042659409e-03,-2.331650463445e-04,1.068963939415e-05,4.918981080506e-09,1.068472041306e-05,9.159652238737e-06,4.919287242960e-09,9.154732951494e-06
4.600000000000e-01,-2.532953062250e-03,-2.224339562603e-03,-3.086134996469e-04,5.963065173745e-06,3.012428728701e-09,5.960052745016e-06,6.163056886695e-06,3.013308540552e-09,6.160043578154e-06
4.700000000000e-01,-3.407668035381e-03,-3.036703866037e-03,-3.709641693441e-04,2.672197859449e-06,1.785039881034e-09,2.670412819568e-06,4.534380931350e-06,1.787558476774e-09,4.532593372874e-06
4.800000000000e-01,-4.462389756687e-03,-4.056971600690e-03,-4.054181559965e-04,4.730016035073e-07,1.019105694735e-09,4.719824978125e-07,3.688301493155e-06,1.026123528532e-09,3.687275369626e-06
4.900000000000e-01,-5.696387658487e-03,-5.301415789889e-03,-3.949718685986e-04,-8.844006282180e-07,5.491947684338e-10,-8.849498229864e-07,3.184405025822e-06,5.681445247933e-10,3.183836881297e-06
5.000000000000e-01,-7.094872122369e-03,-6.772085236097e-03,-3.227868862723e-04,-1.585383525788e-06,2.492807252483e-10,-1.585632806513e-06,2.715436247114e-06,2.988479526142e-10,2.715137399162e-06
5.100000000000e-01,-8.626101816689e-03,-8.450649488134e-03,-1.754523285544e-04,-1.777353298721e-06,1.171783963633e-11,-1.777365016561e-06,2.113262824176e-06,1.373761735791e-10,2.113125448002e-06
5.200000000000e-01,-1.023931751514e-02,-1.029249993099e-02,5.318241585077e-05,-1.592040005068e-06,-2.867475419673e-10,-1.591753257526e-06,1.319179482768e-06,2.221374032233e-11,1.319157269028e-06
5.300000000000e-01,-1.186393709938e-02,-1.222211332460e-02,3.581762252249e-04,-1.149730268569e-06,-8.452326413059e-10,-1.148885035928e-06,3.720915788881e-07,-1.078757574375e-10,3.721994546455e-07
5.400000000000e-01,-1.341034767599e-02,-1.413084557455e-02,7.204978985562e-04,-5.674120943785e-07,-2.053525676080e-09,-5.653585687024e-07,-6.248595925903e-07,-3.439965122095e-10,-6.245155960781e-07
5.500000000000e-01,-1.477264283874e-02,-1.587832015155e-02,1.105677312810e-03,6.236156395619e-08,-4.716446823501e-09,6.707801077969e-08,-1.523464540645e-06,-8.627528217859e-10,-1.522601787823e-06
5.600000000000e-01,-1.583341398019e-02,-1.729835007694e-02,1.464936096744e-03,6.883900216804e-07,-1.048998896613e-08,6.988800106466e-07,-2.160251455777e-06,-2.035964582630e-09,-2.158215491194e-06
5.700000000000e-01,-1.647055255843e-02,-1.820985868046e-02,1.739306122035e-03,1.318164822227e-06,-2.271315362825e-08,1.340877975855e-06,-2.374468118929e-06,-4.648936622280e-09,-2.369819182307e-06
5.800000000000e-01,-1.656579267906e-02,-1.843256422505e-02,1.866771545987e-03,2.033856360762e-06,-4.795681968079e-08,2.081813180443e-06,-2.028752075358e-06,-1.032797846384e-08,-2.018424096894e-06
5.900000000000e-01,-1.601449946687e-02,-1.780634593852e-02,1.791846471645e-03,2.997530988884e-06,-9.883509172283e-08,3.096366080607e-06,-1.018372182675e-06,-2.235817980829e-08,-9.960140028665e-07
6.000000000000e-01,-1.473598323963e-02,-1.621234714707e-02,1.476363907439e-03,4.439969164686e-06,-1.989780014961e-07,4.638947166182e-06,7.224287208546e-07,-4.720775156692e-08,7.696364724215e-07
6.100000000000e-01,-1.268346851459e-02,-1.359316460476e-02,9.096960901706e-04,6.624498021019e-06,-3.916018029155e-07,7.016099823934e-06,3.219128758182e-06,-9.729600002593e-08,3.316424758207e-06
6.200000000000e-01,-9.852729580928e-03,-9.969096104902e-03,1.163665239737e-04,9.784416323676e-06,-7.538974771235e-07,1.053831380080e-05,6.454622055636e-06,-1.958901927305e-07,6.650512248367e-06
6.300000000000e-01,-6.288413212381e-03,-5.447510222494e-03,-8.409029898863e-04,1.402624244829e-05,-1.420550301077e-06,1.544679274936e-05,1.035671933063e-05,-3.855460217521e-07,1.074226535238e-05
6.400000000000e-01,-2.087157136263e-03,-2.230272324398e-04,-1.864129903823e-03,1.919170218040e-05,-2.621140229597e-06,2.181284240999e-05,1.477424995770e-05,-7.422792502812e-07,1.551652920799e-05
6.500000000000e-01,2.603191440756e-03,5.432679008960e-03,-2.829487568204e-03,2.468968002095e-05,-4.737930031586e-06,2.942761005253e-05,1.942603586656e-05,-1.398732481056e-06,2.082476834762e-05
6.600000000000e-01,7.588649132103e-03,1.119117981836e-02,-3.602530686256e-03,2.928233903385e-05,-8.392485257387e-06,3.767482429124e-05,2.381992625921e-05,-2.581017204565e-06,2.640094346378e-05
6.700000000000e-01,1.263848473156e-02,1.669583500459e-02,-4.057350273034e-03,3.084740076441e-05,-1.457136024597e-05,4.541876101038e-05,2.713602658489e-05,-4.665643564961e-06,3.180167014986e-05
6.800000000000e-01,1.749853141001e-02,2.159532472703e-02,-4.096793317019e-03,2.612255339278e-05,-2.480213723876e-05,5.092469063154e-05,2.806849771116e-05,-8.264860598739e-06,3.633335830990e-05
6.900000000000e-01,2.190761470324e-02,2.557796703628e-02,-3.670352333038e-03,1.046155290403e-05,-4.139050591618e-05,5.185205882021e-05,2.462562618796e-05,-1.435049620422e-05,3.897612239217e-05
7.000000000000e-01,2.561591716480e-02,2.840232680736e-02,-2.786409642560e-03,-2.238490719203e-05,-6.772556578265e-05,4.534065859062e-05,1.390924215454e-05,-2.442742744548e-05,3.833666960002e-05
7.100000000000e-01,2.840380874788e-02,2.992006622434e-02,-1.516257476466e-03,-8.041161493774e-05,-1.086526185453e-04,2.824100360758e-05,-8.123031354251e-06,-4.076722618143e-05,3.264419482718e-05
7.200000000000e-01,3.009950735711e-02,3.008810352104e-02,1.140383606083e-05,-1.733980371198e-04,-1.708988671723e-04,-2.499169947538e-06,-4.688421538135e-05,-6.670907803061e-05,1.982486264925e-05
7.300000000000e-01,3.059393775797e-02,2.896873767865e-02,1.625200079315e-03,-3.127866004007e-04,-2.635165320077e-04,-4.927006839300e-05,-1.093397336970e-04,-1.070272803181e-04,-2.312453378892e-06
7.400000000000e-01,2.985128150225e-02,2.671817217448e-02,3.133109327777e-03,-5.113597185141e-04,-3.982798373125e-04,-1.130798812016e-04,-2.041046606346e-04,-1.683509827806e-04,-3.575367785392e-05
7.500000000000e-01,2.791406236296e-02,2.356551068076e-02,4.348551682202e-03,-7.826823216406e-04,-5.899388084987e-04,-1.927435131419e-04,-3.414191638456e-04,-2.596012364856e-04,-8.181792735999e-05
7.600000000000e-01,2.490203470283e-02,1.978551989838e-02,5.116514804459e-03,-1.140279515881e-03,-8.561980944736e-04,-2.840814214078e-04,-5.329432564044e-04,-3.923827644959e-04,-1.405604919085e-04
7.700000000000e-01,2.100471106347e-02,1.566907250631e-02,5.335638557163e-03,-1.596535815393e-03,-1.217260390276e-03,-3.792754251176e-04,-7.913460585001e-04,-5.812348277767e-04,-2.101112307235e-04
7.800000000000e-01,1.646796489491e-02,1.149513716262e-02,4.972827732294e-03,-2.161346547986e-03,-1.694761765315e-03,-4.665847826712e-04,-1.129633340216e-03,-8.436113088583e-04,-2.860220313582e-04
7.900000000000e-01,1.157571810228e-02,7.507543039176e-03,4.068175063103e-03,-2.840566729815e-03,-2.309942572755e-03,-5.306241570602e-04,-1.560208998492e-03,-1.199431864005e-03,-3.607771344865e-04
8.000000000000e-01,6.628237807599e-03,3.898687246618e-03,2.729550560981e-03,-3.634333013577e-03,-3.080954722746e-03,-5.533782908308e-04,-2.093660865525e-03,-1.670033835518e-03,-4.236270300076e-04
8.100000000000e-01,1.918935106446e-03,8.011055146795e-04,1.117829591766e-03,-4.535393466644e-03,-4.019312541944e-03,-5.160809246998e-04,-2.737307259797e-03,-2.276370667218e-03,-4.609365925789e-04
8.200000000000e-01,-2.288244520160e-03,-1.713375606860e-03,-5.748689132996e-04,-5.527584340419e-03,-5.125651202302e-03,-4.019331381173e-04,-3.493551091280e-03,-3.036358761631e-03,-4.571923296485e-04
8.300000000000e-01,-5.778769185087e-03,-3.628151194073e-03,-2.150617991014e-03,-6.584630376608e-03,-6.385153126028e-03,-1.994772505800e-04,-4.358153326491e-03,-3.961379547675e-03,-3.967737788153e-04
8.400000000000e-01,-8.402975343059e-03,-4.971870094840e-03,-3.431105248219e-03,-7.669469042482e-03,-7.763213842356e-03,9.374479987382e-05,-5.318558699949e-03,-5.052097992516e-03,-2.664607074327e-04
8.500000000000e-01,-1.008558215983e-02,-5.806061566659e-03,-4.279520593175e-03,-8.734249975409e-03,-9.202105147603e-03,4.678551721937e-04,-6.352423614194e-03,-6.293952415704e-03,-5.847119849062e-05
8.600000000000e-01,-1.082845367813e-02,-6.212303462494e-03,-4.616150215634e-03,-9.721202707650e-03,-1.061950545671e-02,8.983027490639e-04,-7.426557927744e-03,-7.652878614979e-03,2.263206872347e-04
8.700000000000e-01,-1.070638729757e-02,-6.280497915334e-03,-4.425889382231e-03,-1.056444794962e-02,-1.190975344219e-02,1.345305492573e-03,-8.496476395350e-03,-9.072015233229e-03,5.755388378792e-04
8.800000000000e-01,-9.856485687753e-03,-6.099303617112e-03,-3.757182070642e-03,-1.119283045810e-02,-1.294850031206e-02,1.755669853963e-03,-9.506753382736e-03,-1.047024804544e-02,9.634946627052e-04
8.900000000000e-01,-8.462227231832e-03,-5.749234931798e-03,-2.712992300034e-03,-1.153370774755e-02,-1.360107144650e-02,2.067363698946e-03,-1.039234671108e-02,-1.174343763844e-02,1.351090927368e-03
9.000000000000e-01,-6.733937588560e-03,-5.298466836510e-03,-1.435470752050e-03,-1.151757652710e-02,-1.373431887908e-02,2.216742351976e-03,-1.108101417725e-02,-1.276899719799e-02,1.687983020740e-03
9.100000000000e-01,-4.887664526456e-03,-4.801036036579e-03,-8.662848987720e-05,-1.108330559663e-02,-1.323111404123e-02,2.147808444599e-03,-1.149684458819e-02,-1.341412802657e-02,1.917283438377e-03
9.200000000000e-01,-3.124612314651e-03,-4.296921997141e-03,1.172309682490e-03,-1.018363396100e-02,-1.200599651804e-02,1.822362557048e-03,-1.156484778608e-02,-1.354749890410e-02,1.982651118026e-03
9.300000000000e-01,-1.613158180762e-03,-3.813417293185e-03,2.200259112423e-03,-8.790542000152e-03,-1.001998594275e-02,1.229443942600e-03,-1.121641953471e-02,-1.305353227013e-02,1.837112735418e-03
9.400000000000e-01,-4.751841645684e-04,-3.367225818518e-03,2.892041653950e-03,-6.900013722116e-03,-7.292308628621e-03,3.922949065052e-04,-1.039537706138e-02,-1.184783518473e-02,1.452458123353e-03
9.500000000000e-01,2.220644704649e-04,-2.966823105487e-03,3.188887575952e-03,-4.535755224064e-03,-3.906887735845e-03,-6.288674882189e-04,-9.064163644752e-03,-9.891810968820e-03,8.276473240680e-04
9.600000000000e-01,4.680018696902e-04,-2.614739355541e-03,3.082741225231e-03,-1.751350339047e-03,-1.193819556460e-05,-1.739412143483e-03,-7.209680421972e-03,-7.204234627285e-03,-5.445794687026e-06
9.700000000000e-01,3.046629606648e-04,-2.309553804038e-03,2.614216764703e-03,1.369463674487e-03,4.188139110458e-03,-2.818675435971e-03,-4.848211779191e-03,-3.867669983916e-03,-9.805417952752e-04
9.800000000000e-01,-1.826554958483e-04,-2.047499454497e-03,1.864843958648e-03,4.714724507932e-03,8.448270464093e-03,-3.733545956161e-03,-2.028803485518e-03,-2.809099040597e-05,-2.000712495112e-03
9.900000000000e-01,-8.787846109436e-04,-1.823660370280e-03,9.448757593359e-04,8.148442837886e-03,1.250417229248e-02,-4.355729454598e-03,1.165400719876e-03,4.113089768267e-03,-2.947689048391e-03
1.000000000000e+00,-1.654474040500e-03,-1.632797785145e-03,-2.167625535522e-05,1.151703884042e-02,1.609729057314e-02,-4.580251732713e-03,4.618344281425e-03,8.314299136958e-03,-3.695954855533e-03
1.010000000000e+00,-2.382667130608e-03,-1.469869701714e-03,-9.127974288934e-04,1.465771737666e-02,1.900007608369e-02,-4.342358707037e-03,8.185011915707e-03,1.231495392140e-02,-4.129942005691e-03
1.020000000000e+00,-2.953456172367e-03,-1.330317462098e-03,-1.623138710269e-03,1.740832395185e-02,2.103828023302e-02,-3.629956281175e-03,1.169819835588e-02,1.586004725404e-02,-4.161848898163e-03
1.030000000000e+00,-3.286067228706e-03,-1.210188669448e-03,-2.075878559258e-03,1.961803023542e-02,2.210732545321e-02,-2.489295217798e-03,1.497789797423e-02,1.872507517713e-02,-3.747177202900e-03
1.040000000000e+00,-3.336688695916e-03,-1.106154733131e-03,-2.230533962785e-03,2.115807611793e-02,2.218066189632e-02,-1.022585778385e-03,1.784278146370e-02,2.073803415615e-02,-2.895252692452e-03
1.050000000000e+00,-3.101424641041e-03,-1.015467706017e-03,-2.085956935023e-03,2.193170428359e-02,2.130921580235e-02,6.224884812367e-04,2.012303397455e-02,2.179558291101e-02,-1.672548936457e-03
1.060000000000e+00,-2.614296208401e-03,-9.358879281152e-04,-1.678408280286e-03,2.188243595741e-02,1.961234665354e-02,2.270089303875e-03,2.167354977611e-02,2.187130661368e-02,-1.977568375628e-04
1.070000000000e+00,-1.940775719798e-03,-8.656028747538e-04,-1.075172845044e-03,2.099989553113e-02,1.726192421011e-02,3.737971321022e-03,2.238634797582e-02,2.101519783684e-02,1.371150138983e-03
1.080000000000e+00,-1.167801861111e-03,-8.031491047175e-04,-3.646527563930e-04,1.932254271894e-02,1.446200867960e-02,4.860534039332e-03,2.220102935620e-02,1.934476206870e-02,2.856267287498e-03
1.090000000000e+00,-3.916830094808e-04,-7.473432423110e-04,3.556602328302e-04,1.693691727758e-02,1.142703629110e-02,5.509880986478e-03,2.111215070463e-02,1.702933351557e-02,4.082817189058e-03
1.100000000000e+00,2.945959846639e-04,-6.972240989533e-04,9.918200836173e-04,1.397325469760e-02,8.361342293621e-03,5.611912403976e-03,1.917257057837e-02,1.427004794870e-02,4.902522629670e-03
1.110000000000e+00,8.130815849607e-04,-6.520058223524e-04,1.465087407313e-03,1.059760949086e-02,5.442352719049e-03,5.155256771808e-03,1.649217912416e-02,1.127833380859e-02,5.213845315566e-03
1.120000000000e+00,1.110178609876e-03,-6.110408548484e-04,1.721219464724e-03,7.001040909727e-03,2.808977984430e-03,4.192062925296e-03,1.323173898956e-02,8.255714771621e-03,4.976024217943e-03
1.130000000000e+00,1.162557055966e-03,-5.737910762142e-04,1.736348132180e-03,3.386553379387e-03,5.558175009596e-04,2.830735878427e-03,9.592131116253e-03,5.377224304021e-03,4.214906812232e-03
1.140000000000e+00,9.790101172599e-04,-5.398054969257e-04,1.518815614186e-03,-4.518444043540e-05,-1.267093220375e-03,1.221908779940e-03,5.799669248775e-03,2.779946207850e-03,3.019723040925e-03
1.150000000000e+00,5.981896691482e-04,-5.087030519204e-04,1.106892721069e-03,-3.110167211806e-03,-2.649955043296e-03,-4.602121685096e-04,2.088698231202e-03,5.572842908140e-04,1.531413940388e-03
1.160000000000e+00,8.261448358756e-05,-4.801592974626e-04,5.627737810501e-04,-5.654277964357e-03,-3.615686588981e-03,-2.038591375376e-03,-1.317066374134e-03,-1.241301418384e-03,-7.576495575012e-05
1.170000000000e+00,-4.901638713999e-04,-4.538960666125e-04,-3.626780478740e-05,-7.564236976221e-03,-4.210744715085e-03,-3.353492261136e-03,-4.222697515744e-03,-2.606038961483e-03,-1.616658554261e-03
1.180000000000e+00,-1.038071702398e-03,-4.296733602454e-04,-6.083983421530e-04,-8.775320024503e-03,-4.495703173322e-03,-4.279616851182e-03,-6.477970471494e-03,-3.559438325240e-03,-2.918532146254e-03
1.190000000000e+00,-1.485306940751e-03,-4.072829304043e-04,-1.078024010347e-03,-9.275140846945e-03,-4.536716966564e-03,-4.738423880381e-03,-7.989382297423e-03,-4.147243597320e-03,-3.842138700103e-03
1.200000000000e+00,-1.772040738650e-03,-3.865431520463e-04,-1.385497586604e-03,-9.103130856527e-03,-4.398615076738e-03,-4.704515779789e-03,-8.727044024099e-03,-4.429143141970e-03,-4.297900882129e-03
1.210000000000e+00,-1.861816960861e-03,-3.672948838454e-04,-1.494522077015e-03,-8.345740623396e-03,-4.139969013560e-03,-4.205771609836e-03,-8.725591108585e-03,-4.470350431328e-03,-4.255240677257e-03
1.220000000000e+00,-1.745721876826e-03,-3.493980958105e-04,-1.396323781016e-03,-7.127767259553e-03,-3.810143290316e-03,-3.317623969237e-03,-8.078953707273e-03,-4.334788854154e-03,-3.744164853119e-03
1.230000000000e+00,-1.442895644507e-03,-3.327290977194e-04,-1.110166546787e-03,-5.600607401329e-03,-3.448084902721e-03,-2.152522498608e-03,-6.929450555537e-03,-4.080224085266e-03,-2.849226470270e-03
1.240000000000e+00,-9.973024191416e-04,-3.171782432875e-04,-6.801241758542e-04,-3.928475510153e-03,-3.082464612347e-03,-8.460108978065e-04,-5.452274464896e-03,-3.755350844493e-03,-1.696923620403e-03
1.250000000000e+00,-4.713082734853e-04,-3.026480148254e-04,-1.686602586599e-04,-2.273870493064e-03,-2.732734737992e-03,4.588642449279e-04,-3.837008370767e-03,-3.398595070905e-03,-4.384132998623e-04
1.260000000000e+00,6.308733058859e-05,-2.890514150492e-04,3.521387456378e-04,-7.836459174119e-04,-2.410694292453e-03,1.627048375041e-03,-2.268106853470e-03,-3.038250016784e-03,7.701431633141e-04
1.270000000000e+00,5.341689691241e-04,-2.763106089455e-04,8.104795780696e-04,4.230933922388e-04,-2.122225327848e-03,2.545318720087e-03,-9.065008190181e-04,-2.693517113000e-03,1.787016293982e-03
1.280000000000e+00,8.802380083849e-04,-2.643557707647e-04,1.144593779150e-03,1.264082219477e-03,-1.868958077531e-03,3.133040297008e-03,1.257193317076e-04,-2.376048061518e-03,2.501767393225e-03
1.290000000000e+00,1.057866860543e-03,-2.531241004465e-04,1.310990960990e-03,1.699244462885e-03,-1.649716091347e-03,3.348960554233e-03,7.558238010393e-04,-2.091656519904e-03,2.847480320943e-03
1.300000000000e+00,1.047571292655e-03,-2.425589808641e-04,1.290130273519e-03,1.731839410416e-03,-1.461672425611e-03,3.193511836027e-03,9.651102390926e-04,-1.841960123099e-03,2.807070362191e-03
1.310000000000e+00,8.561479637340e-04,-2.326092527664e-04,1.088757216500e-03,1.405392814360e-03,-1.301207473002e-03,2.706600287362e-03,7.872303844783e-04,-1.625805899347e-03,2.413036283825e-03
1.320000000000e+00,5.153893947179e-04,-2.232285886005e-04,7.386179833185e-04,7.968452122488e-04,-1.164497229437e-03,1.961342441686e-03,3.005441404967e-04,-1.440410924482e-03,1.740955064979e-03
1.330000000000e+00,7.735196203421e-05,-2.143749498006e-04,2.917269118348e-04,6.687398420711e-06,-1.047880422589e-03,1.054567821010e-03,-3.844696042450e-04,-1.282208800954e-03,8.977391967086e-04
1.340000000000e+00,-3.931491717723e-04,-2.060101148408e-04,-1.871390569315e-04,-8.528256297190e-04,-9.480585205766e-04,9.523289085764e-05,-1.141105939061e-03,-1.147430275286e-03,6.324336225247e-06
1.350000000000e+00,-8.277600118715e-04,-1.980992675298e-04,-6.296607443417e-04,-1.670129836576e-03,-8.621790935442e-04,-8.079507430316e-04,-1.843585377916e-03,-1.032465702286e-03,-8.111196756296e-04
1.360000000000e+00,-1.164250409729e-03,-1.906106367847e-04,-9.736397729438e-04,-2.346164789514e-03,-7.878446011577e-04,-1.558320188356e-03,-2.383313373736e-03,-9.340626100576e-04,-1.449250763679e-03
1.370000000000e+00,-1.355246831678e-03,-1.835151805548e-04,-1.171731651124e-03,-2.804328660860e-03,-7.230786481451e-04,-2.081250012715e-03,-2.682192915171e-03,-8.494081424208e-04,-1.832784772750e-03
1.380000000000e+00,-1.374817340748e-03,-1.767863077391e-04,-1.198031033009e-03,-2.997603960339e-03,-6.662721714012e-04,-2.331331788938e-03,-2.701381244711e-03,-7.761378824880e-04,-1.925243362223e-03
1.390000000000e+00,-1.221958298199e-03,-1.703996329032e-04,-1.051558665296e-03,-2.912175123220e-03,-6.161239963786e-04,-2.296051126841e-03,-2.444459525911e-03,-7.123026731119e-04,-1.732156852799e-03
1.400000000000e+00,-9.205066640657e-04,-1.643327593994e-04,-7.561739046663e-04,-2.567263439081e-03,-5.715841041822e-04,-1.995679334898e-03,-1.954797000836e-03,-6.563156037002e-04,-1.298481397136e-03
1.410000000000e+00,-5.154720510674e-04,-1.585650871524e-04,-3.569069639150e-04,-2.011322538910e-03,-5.318037047753e-04,-1.479518834135e-03,-1.307566126079e-03,-6.068934157028e-04,-7.006727103761e-04
1.420000000000e+00,-6.634386521071e-05,-1.530776419259e-04,8.673377671517e-05,-1.315167904459e-03,-4.960935044202e-04,-8.190744000390e-04,-5.977001256024e-04,-5.630005638529e-04,-3.469956174952e-05
1.430000000000e+00,3.616841374968e-04,-1.478529233438e-04,5.095370608406e-04,-5.628322990829e-04,-4.638900016800e-04,-9.894229740292e-05,7.449544886770e-05,-5.237999797433e-04,5.982954286110e-04
1.440000000000e+00,7.072712567702e-04,-1.428747693297e-04,8.501460260999e-04,1.586741065804e-04,-4.347288826685e-04,5.934029892489e-04,6.179804505013e-04,-4.886119117750e-04,1.106592362276e-03
1.450000000000e+00,9.218688239233e-04,-1.381282349507e-04,1.059997058874e-03,7.695813475035e-04,-4.082243168388e-04,1.177805664342e-03,9.638256772340e-04,-4.568806811542e-04,1.420706358388e-03
1.460000000000e+00,9.767444241334e-04,-1.335994839307e-04,1.110343908064e-03,1.206333207576e-03,-3.840529628077e-04,1.590386170383e-03,1.074494913821e-03,-4.281484391171e-04,1.502643352938e-03
1.470000000000e+00,8.670354328285e-04,-1.292756913301e-04,9.963111241586e-04,1.428387837595e-03,-3.619416349741e-04,1.790329472569e-03,9.482997646504e-04,-4.020347439824e-04,1.350334508633e-03
1.480000000000e+00,6.122390440747e-04,-1.251449560902e-04,7.373840001649e-04,1.422068307412e-03,-3.416577682007e-04,1.763726075612e-03,6.185174097199e-04,-3.782207842062e-04,9.967381939261e-04
1.490000000000e+00,2.530820979369e-04,-1.211962223070e-04,3.742783202439e-04,1.201180928076e-03,-3.230020019982e-04,1.524182930074e-03,1.473832553118e-04,-3.564372126475e-04,5.038204679593e-04
1.500000000000e+00,-1.547592344566e-04,-1.174192082487e-04,-3.734002620790e-05,8.043405740514e-04,-3.058023657593e-04,1.110142939811e-03,-3.840346609553e-04,-3.364547410755e-04,-4.757991987982e-05
1.510000000000e+00,-5.491508157662e-04,-1.138043422529e-04,-4.353464735133e-04,2.894850879961e-04,-2.899096760231e-04,5.793947640193e-04,-8.885121908246e-04,-3.180768255462e-04,-5.704353652784e-04
1.520000000000e+00,-8.708805899290e-04,-1.103427047487e-04,-7.605378851803e-04,-2.737359178947e-04,-2.751938566947e-04,1.457938800052e-06,-1.285987175304e-03,-3.011339311877e-04,-9.848532441167e-04
1.530000000000e+00,-1.072539678257e-03,-1.070259757400e-04,-9.655137025173e-04,-8.127159513754e-04,-2.615409680576e-04,-5.511749833178e-04,-1.515491473612e-03,-2.854789926095e-04,-1.230012481002e-03
1.540000000000e+00,-1.125529996494e-03,-1.038463871683e-04,-1.021683609326e-03,-1.260734237062e-03,-2.488507855618e-04,-1.011883451500e-03,-1.543948156718e-03,-2.709837847458e-04,-1.272964371972e-03
1.550000000000e+00,-1.024157075477e-03,-1.007966796410e-04,-9.233603958355e-04,-1.564798053134e-03,-2.370348095745e-04,-1.327763243559e-03,-1.370550212367e-03,-2.575359928532e-04,-1.113014219514e-03
1.560000000000e+00,-7.861896579955e-04,-9.787006307231e-05,-6.883195949232e-04,-1.691612606211e-03,-2.260146165225e-04,-1.465597989688e-03,-1.026119277147e-03,-2.450368247873e-04,-7.810824523600e-04
1.570000000000e+00,-4.498257865534e-04,-9.506018083648e-05,-3.547656057169e-04,-1.630960185074e-03,-2.157204831830e-04,-1.415239701891e-03,-5.676173579128e-04,-2.333990483476e-04,-3.342183095652e-04
1.580000000000e+00,-6.756373971067e-05,-9.236107707795e-05,2.479733736728e-05,-1.396186827970e-03,-2.060902315493e-04,-1.190096596421e-03,-6.872444221460e-05,-2.225453653341e-04,1.538209231195e-04
1.590000000000e+00,3.020452981937e-04,-8.976716686439e-05,3.918124650581e-04,-1.021789409029e-03,-1.970682533117e-04,-8.247211557172e-04,3.920223217575e-04,-2.124070549972e-04,6.044293767547e-04
1.600000000000e+00,6.034800896598e-04,-8.727320890227e-05,6.907532985620e-04,-5.584844685804e-04,-1.886046817154e-04,-3.698797868649e-04,7.436622258442e-04,-2.029228350218e-04,9.465850608660e-04
1.610000000000e+00,7.927272629319e-04,-8.487428056619e-05,8.776015434981e-04,-6.641062728536e-05,-1.806546851657e-04,1.142440578803e-04,9.338535311632e-04,-1.940378996483e-04,1.127891430812e-03
1.620000000000e+00,8.438612307085e-04,-8.256575501978e-05,9.264269857283e-04,3.926302574168e-04,-1.731778620299e-04,5.658081194467e-04,9.368606645983e-04,-1.857031031286e-04,1.122563767727e-03
1.630000000000e+00,7.527123146926e-04,-8.034328023003e-05,8.330555949226e-04,7.629336852765e-04,-1.661377200266e-04,9.290714053031e-04,7.572141157455e-04,-1.778742632424e-04,9.350883789879e-04
1.640000000000e+00,5.370743430948e-04,-7.820275969765e-05,6.152771027925e-04,1.001674524337e-03,-1.595012266797e-04,1.161175751017e-03,4.285548252897e-04,-1.705115646046e-04,5.990663898943e-04
1.650000000000e+00,2.335138736644e-04,-7.614033474466e-05,3.096542084091e-04,1.083912124431e-03,-1.532384197584e-04,1.237150544189e-03,7.861122694969e-06,-1.635790453825e-04,1.714401680775e-04
1.660000000000e+00,-1.087284819728e-04,-7.415236821688e-05,-3.457611375597e-05,1.005208704741e-03,-1.473220685748e-04,1.152530773316e-03,-4.339811403310e-04,-1.570441540869e-04,-2.769369862440e-04
1.670000000000e+00,-4.356762012457e-04,-7.223542947344e-05,-3.634407717723e-04,7.816137450166e-04,-1.417273785714e-04,9.233411235879e-04,-8.237262120689e-04,-1.508773655133e-04,-6.728488465556e-04
1.680000000000e+00,-6.971395941463e-04,-7.038628054825e-05,-6.267533135980e-04,4.470613971275e-04,-1.364317329014e-04,5.834931300289e-04,-1.097580031431e-03,-1.450518468275e-04,-9.525281846036e-04
1.690000000000e+00,-8.544647946957e-04,-6.860186337995e-05,-7.858629313158e-04,4.857443830620e-05,-1.314144657321e-04,1.799889040383e-04,-1.211404613295e-03,-1.395431663369e-04,-1.071861446958e-03
1.700000000000e+00,-8.862669653558e-04,-6.687928801706e-05,-8.193876773387e-04,-3.600753494765e-04,-1.266566628428e-04,-2.334186866336e-04,-1.147642890885e-03,-1.343290387353e-04,-1.013313852150e-03
1.710000000000e+00,-7.913269797468e-04,-6.521582171395e-05,-7.261111580328e-04,-7.254093650034e-04,-1.221409857857e-04,-6.032683792177e-04,-9.179223520582e-04,-1.293891016245e-04,-7.885332504337e-04
1.720000000000e+00,-5.882025170702e-04,-6.360887884174e-05,-5.245936382284e-04,-1.001067834948e-03,-1.178515164465e-04,-8.832163185012e-04,-5.608941242638e-04,-1.247047189485e-04,-4.361894053152e-04
1.730000000000e+00,-3.117335417497e-04,-6.205601154495e-05,-2.496775302047e-04,-1.153575037923e-03,-1.137736193190e-04,-1.039801418604e-03,-1.357276680340e-04,-1.202588076574e-04,-1.546886037665e-05
1.740000000000e+00,-7.066422852836e-06,-6.055490108180e-05,5.348847822896e-05,-1.166301025627e-03,-1.098938192037e-04,-1.056407206423e-03,2.877155958933e-04,-1.160356844841e-04,4.037512803774e-04
1.750000000000e+00,2.777927179474e-04,-5.910334979144e-05,3.368960677388e-04,-1.041179333116e-03,-1.061996923706e-04,-9.349796407452e-04,6.403744835231e-04,-1.120209301856e-04,7.523954137087e-04
1.760000000000e+00,4.996371956574e-04,-5.769927363684e-05,5.573364692943e-04,-7.979779606461e-04,-1.026797695062e-04,-6.952981911399e-04,8.652975194540e-04,-1.082012689891e-04,9.734987884431e-04
1.770000000000e+00,6.267181453424e-04,-5.634069527664e-05,6.830588406190e-04,-4.712967115521e-04,-9.932344899852e-05,-3.719732625536e-04,9.269127425915e-04,-1.045644613128e-04,1.031477203904e-03
1.780000000000e+00,6.433525263007e-04,-5.502573762348e-05,6.983782639242e-04,-1.056972159791e-04,-9.612091931187e-05,-9.576296667210e-06,8.167540080205e-04,-1.010992081038e-04,9.178532161243e-04
1.790000000000e+00,5.517935674473e-04,-5.375261785035e-05,6.055461852976e-04,2.503329391036e-04,-9.306308937276e-05,3.433960284763e-04,5.547158761877e-04,-9.779506536745e-05,6.525109415551e-04
1.800000000000e+00,3.711678677958e-04,-5.251964180946e-05,4.236875096052e-04,5.508051785429e-04,-9.014152602972e-05,6.409467045726e-04,1.856500302709e-04,-9.464236765704e-05,2.802923979279e-04
1.810000000000e+00,1.337694082265e-04,-5.132519883182e-05,1.850946070583e-04,7.581724191683e-04,-8.734839777366e-05,8.455208169419e-04,-2.281458773351e-04,-9.163215946126e-05,-1.365137178738e-04
1.820000000000e+00,-1.206382439148e-04,-5.016775687782e-05,-7.047048703703e-05,8.480519347386e-04,-8.467642400887e-05,9.327283587475e-04,-6.172793649408e-04,-8.875613356467e-05,-5.285232313761e-04
1.830000000000e+00,-3.514656299547e-04,-4.904585801236e-05,-3.024197719424e-04,8.120957291575e-04,-8.211882925521e-05,8.942145584127e-04,-9.167592267885e-04,-8.600657557956e-05,-8.307526512089e-04
1.840000000000e+00,-5.237859099604e-04,-4.795811417969e-05,-4.758277957807e-04,6.587186045476e-04,-7.966930173886e-05,7.383879062864e-04,-1.076730801529e-03,-8.337631394935e-05,-9.933544875800e-04
1.850000000000e+00,-6.136363842274e-04,-4.690320325574e-05,-5.667331809716e-04,4.115961570747e-04,-7.732195589568e-05,4.889181129704e-04,-1.070693102632e-03,-8.085867481280e-05,-9.898344278194e-04
1.860000000000e+00,-6.112928917176e-04,-4.587986535709e-05,-5.654130263605e-04,1.061768258749e-04,-7.507129836900e-05,1.812481242439e-04,-8.998189590498e-04,-7.844744119389e-05,-8.213715178559e-04
1.870000000000e+00,-5.220838544161e-04,-4.488689938793e-05,-4.771969550281e-04,-2.152596274818e-04,-7.291219713334e-05,-1.423474303485e-04,-5.926839591691e-04,-7.613681604861e-05,-5.165471431205e-04
1.880000000000e+00,-3.647543410763e-04,-4.392315980758e-05,-3.208311812687e-04,-5.093605013809e-04,-7.083985341890e-05,-4.385206479620e-04,-2.004650894737e-04,-7.392138875592e-05,-1.265437007178e-04
1.890000000000e+00,-1.677154105443e-04,-4.298755360255e-05,-1.247278569417e-04,-7.374610337959e-04,-6.884977614960e-05,-6.686112576463e-04,2.116356495401e-04,-7.179610468987e-05,2.834317542300e-04
1.900000000000e+00,3.604380123990e-05,-4.207903744867e-05,7.812283868857e-05,-8.705954177692e-04,-6.693775863993e-05,-8.036576591292e-04,5.752430861817e-04,-6.975623755237e-05,6.449993237340e-04
1.910000000000e+00,2.145176791337e-04,-4.119661504965e-05,2.557142941834e-04,-8.931178804140e-04,-6.509985732511e-05,-8.280180230889e-04,8.302081292442e-04,-6.779736418329e-05,8.980054934275e-04
1.920000000000e+00,3.417463151660e-04,-4.033933463978e-05,3.820856498058e-04,-8.044730551838e-04,-6.333237232369e-05,-7.411406828601e-04,9.346001402257e-04,-6.591534159697e-05,1.000515481823e-03
1.930000000000e+00,4.015995172020e-04,-3.950628663926e-05,4.411058038412e-04,-6.189210149882e-04,-6.163182965426e-05,-5.572891853340e-04,8.716646802482e-04,-6.410628602270e-05,9.357709662709e-04
1.940000000000e+00,3.897029443025e-04,-3.869660145161e-05,4.283995457541e-04,-3.632867896810e-04,-5.999496494696e-05,-3.032918247341e-04,6.525687634550e-04,-6.236655375130e-05,7.149353172063e-04
1.950000000000e+00,3.133367242097e-04,-3.790944739346e-05,3.512461716032e-04,-7.310908915717e-05,-5.841870850783e-05,-1.469038064934e-05,3.144911105200e-04,-6.069272361185e-05,3.751838341319e-04
1.960000000000e+00,1.894263249301e-04,-3.714402874772e-05,2.265703536778e-04,2.123015221660e-04,-5.690017160887e-05,2.692016937748e-04,-8.561483796526e-05,-5.908158092171e-05,-2.653325704355e-05
1.970000000000e+00,4.109128134786e-05,-3.639958393179e-05,7.749086527966e-05,4.551888824731e-04,-5.543663389017e-05,5.106255163632e-04,-4.805640367903e-04,-5.753010276982e-05,-4.230339340204e-04
1.980000000000e+00,-1.065536147385e-04,-3.567538377316e-05,-7.087823096531e-05,6.243438350902e-04,-5.402553177207e-05,6.783693668623e-04,-8.041629719066e-04,-5.603544450793e-05,-7.481275273986e-04
1.990000000000e+00,-2.306214270508e-04,-3.497072988519e-05,-1.956506971656e-04,6.991036555065e-04,-5.266444778581e-05,7.517681032923e-04,-1.002266702913e-03,-5.459492733781e-05,-9.476717755747e-04
2.000000000000e+00,-3.139583388158e-04,-3.428495313669e-05,-2.796733856791e-04,6.718679658502e-04,-5.135110074042e-05,7.232190665906e-04,-1.041795117811e-03,-5.320602689383e-05,-9.885890909170e-04
2.010000000000e+00,-3.474204078122e-04,-3.361741220892e-05,-3.138029956032e-04,5.487768012642e-04,-5.008333665167e-05,5.988601379158e-04,-9.162245436741e-04,-5.186636273073e-05,-8.643581809433e-04
2.020000000000e+00,-3.306203215310e-04,-3.296749223459e-05,-2.976528292964e-04,3.485768485455e-04,-4.885912036643e-05,3.974359689119e-04,-6.466295380288e-04,-5.057368863548e-05,-5.960558493934e-04
2.030000000000e+00,-2.711577504806e-04,-3.233460351341e-05,-2.388231469672e-04,9.979898757224e-05,-4.767652782206e-05,1.474755153943e-04,-2.781048906871e-04,-4.932588369005e-05,-2.287790069971e-04
2.040000000000e+00,-1.825837225619e-04,-3.171818029946e-05,-1.508655422624e-04,-1.632666041574e-04,-4.653373888648e-05,-1.167328652709e-04,1.278050415461e-04,-4.812094401953e-05,1.759259855657e-04
2.050000000000e+00,-8.156741696706e-05,-3.111767965580e-05,-5.044973731126e-05,-4.052859266687e-04,-4.542903072969e-05,-3.598568959390e-04,5.034363611297e-04,-4.695697516600e-05,5.503933362957e-04
2.060000000000e+00,1.515989071581e-05,-3.053258037205e-05,4.569247108787e-05,-5.946051853723e-04,-4.436077168208e-05,-5.502444136902e-04,7.863216122619e-04,-4.583218503465e-05,8.321537972965e-04
2.070000000000e+00,9.356862930355e-05,-2.996238194108e-05,1.235310112446e-04,-7.073499440305e-04,-4.332741553921e-05,-6.640225284913e-04,9.296112214761e-04,-4.474487736350e-05,9.743560988396e-04
2.080000000000e+00,1.443101558370e-04,-2.940660359115e-05,1.737167594282e-04,-7.304003640504e-04,-4.232749627630e-05,-6.880728677741e-04,9.098697587736e-04,-4.369344567289e-05,9.535632044465e-04
2.090000000000e+00,1.636628171165e-04,-2.886478337015e-05,1.925276004866e-04,-6.628330414457e-04,-4.135962313913e-05,-6.214734183065e-04,7.309230358030e-04,-4.267636765481e-05,7.735994034578e-04
2.100000000000e+00,1.533966894967e-04,-2.833647727863e-05,1.817331667753e-04,-5.157179153641e-04,-4.042247608112e-05,-4.752954392830e-04,4.231580555538e-04,-4.169219996607e-05,4.648502555199e-04
2.110000000000e+00,1.196967302605e-04,-2.782125844888e-05,1.475179887094e-04,-3.103027168049e-04,-3.951480151890e-05,-2.707879152860e-04,3.835485774940e-05,-4.073957339223e-05,7.909443114163e-05
2.120000000000e+00,7.144894638064e-05,-2.731871636709e-05,9.876766274772e-05,-7.491822907680e-05,-3.863540838131e-05,-3.628282069549e-05,-3.590102544882e-04,-3.981718835270e-05,-3.191930661355e-04
2.130000000000e+00,1.829070197537e-05,-2.682845613621e-05,4.511915811158e-05,1.589932722533e-04,-3.778316442884e-05,1.967764366822e-04,-7.025695857819e-04,-3.892381071964e-05,-6.636457750622e-04
2.140000000000e+00,-3.119453100876e-05,-2.635009777702e-05,-4.844433231740e-06,3.611426689629e-04,-3.695699282267e-05,3.980996617855e-04,-9.351347173364e-04,-3.805826792594e-05,-8.970764494105e-04
2.150000000000e+00,-7.077600156695e-05,-2.588327556509e-05,-4.489272600186e-05,5.063844774008e-04,-3.615586892409e-05,5.425403463249e-04,-1.018192437945e-03,-3.721944533975e-05,-9.809729926051e-04
2.160000000000e+00,-9.724249073687e-05,-2.542763740178e-05,-7.181485333510e-05,5.779242424987e-04,-3.537881730691e-05,6.133030598056e-04,-9.382471381720e-04,-3.640628288482e-05,-9.018408552872e-04
2.170000000000e+00,-1.103385043067e-04,-2.498284421705e-05,-8.535566008969e-05,5.693077565730e-04,-3.462490896672e-05,6.039326655397e-04,-7.089439351949e-04,-3.561777188793e-05,-6.733261633070e-04
2.180000000000e+00,-1.121076915959e-04,-2.454856940242e-05,-8.755912219348e-05,4.849860833452e-04,-3.389325871243e-05,5.188793420576e-04,-3.686745440968e-04,-3.485295213602e-05,-3.338215919607e-04
2.190000000000e+00,-1.058757987589e-04,-2.412449827227e-05,-8.175130048666e-05,3.394071277066e-04,-3.318302272665e-05,3.725901504333e-04,2.594532696350e-05,-3.411090912747e-05,6.005623609096e-05
2.200000000000e+00,-9.514652979688e-05,-2.371032755200e-05,-7.143620224488e-05,1.547807578806e-04,-3.249339628243e-05,1.872741541630e-04,4.095780718935e-04,-3.339077150275e-05,4.429688433963e-04
2.210000000000e+00,-8.265965833092e-05,-2.330576489136e-05,-5.935389343956e-05,-4.213886130398e-05,-3.182361160519e-05,-1.031524969879e-05,7.190746659501e-04,-3.269170864156e-05,7.517663745917e-04
2.220000000000e+00,-6.985011515711e-05,-2.291052840174e-05,-4.693958675537e-05,-2.238540553033e-04,-3.117293586930e-05,-1.926811194340e-04,9.039322934205e-04,-3.201292841395e-05,9.359452218344e-04
2.230000000000e+00,-5.675819504871e-05,-2.252434621593e-05,-3.423384883279e-05,-3.659344093802e-04,-3.054066931972e-05,-3.353937400605e-04,9.345696516853e-04,-3.135367507447e-05,9.659233267598e-04
2.240000000000e+00,-4.241295394994e-05,-2.214695606919e-05,-2.026599788074e-05,-4.504186578224e-04,-2.992614351000e-05,-4.204925143124e-04,8.070674691191e-04,-3.071322728902e-05,8.377806964081e-04
2.250000000000e+00,-2.551653430812e-05,-2.177810490053e-05,-3.738429407596e-06,-4.683002993397e-04,-2.932871964829e-05,-4.389715796914e-04,5.436013353871e-04,-3.009089628483e-05,5.736922316719e-04
2.260000000000e+00,-5.232265073110e-06,-2.141754847288e-05,1.618528339977e-05,-4.208620042413e-04,-2.874778704406e-05,-3.921142171972e-04,1.885342657362e-04,-2.948602411512e-05,2.180202898514e-04
2.270000000000e+00,1.813695712579e-05,-2.106505101146e-05,3.920200813725e-05,-3.196518119391e-04,-2.818276164853e-05,-2.914690502906e-04,-1.991298185330e-04,-2.889798203019e-05,-1.702318365028e-04
2.280000000000e+00,4.278207791021e-05,-2.072038485904e-05,6.350246276925e-05,-1.851380914588e-04,-2.763308468235e-05,-1.575050067764e-04,-5.556527584256e-04,-2.832616894763e-05,-5.273265894779e-04
2.290000000000e+00,6.545986820939e-05,-2.038333014742e-05,8.584319835682e-05,-4.424826138858e-05,-2.709822134479e-05,-1.715004004379e-05,-8.231335287519e-04,-2.777001001489e-05,-7.953635187370e-04
2.300000000000e+00,8.199046495895e-05,-2.005367448419e-05,1.020441394431e-04,7.291985677194e-05,-2.657765959874e-05,9.949751637067e-05,-9.590092232015e-04,-2.722895525786e-05,-9.317802679437e-04
2.310000000000e+00,8.811897960375e-05,-1.973121265397e-05,1.078501922577e-04,1.367653184457e-04,-2.607090902678e-05,1.628362274725e-04,-9.428685148036e-04,-2.670247830956e-05,-9.161660364941e-04
2.320000000000e+00,8.051301644702e-05,-1.941574633333e-05,9.992876278034e-05,1.218016874567e-04,-2.557749975337e-05,1.473791872101e-04,-7.795361084540e-04,-2.619007521378e-05,-7.533460332402e-04
2.330000000000e+00,5.772272093577e-05,-1.910708381878e-05,7.682980475455e-05,9.758895205756e-06,-2.509698142890e-05,3.485587663465e-05,-4.979151445496e-04,-2.569126329846e-05,-4.722238812511e-04
2.340000000000e+00,2.082108263073e-05,-1.880503976714e-05,3.962612239787e-05,-2.082045125734e-04,-2.462892227169e-05,-1.835755903017e-04,-1.458560412464e-04,-2.520558011432e-05,-1.206504611321e-04
2.350000000000e+00,-2.640772356479e-05,-1.850943494745e-05,-7.898288617333e-06,-5.304156560195e-04,-2.417290816413e-05,-5.062427478554e-04,2.180514142514e-04,-2.473258243446e-05,2.427839966859e-04
2.360000000000e+00,-7.782321544733e-05,-1.822009600421e-05,-5.960311944312e-05,-9.448813295651e-04,-2.372854179943e-05,-9.211527877657e-04,5.343406756595e-04,-2.427184531098e-05,5.586125209705e-04
2.370000000000e+00,-1.258082415334e-04,-1.793685523100e-05,-1.078713863024e-04,-1.430666398709e-03,-2.329544187588e-05,-1.407370956833e-03,7.525444809372e-04,-2.382296118489e-05,7.763674421221e-04
2.380000000000e+00,-1.625153356161e-04,-1.765955035422e-05,-1.448557852619e-04,-1.960316835972e-03,-2.287324233566e-05,-1.937443593636e-03,8.394325826856e-04,-2.338553904598e-05,8.628181217315e-04
2.390000000000e+00,-1.812592257787e-04,-1.738802432631e-05,-1.638712014524e-04,-2.502951519471e-03,-2.246159164523e-05,-2.480489927825e-03,7.842642854904e-04,-2.295920363938e-05,8.072234891298e-04
2.400000000000e+00,-1.777861110790e-04,-1.712212512798e-05,-1.606639859510e-04,-3.027641335742e-03,-2.206015211496e-05,-3.005581183627e-03,6.002331915945e-04,-2.254359471606e-05,6.227767863105e-04
2.410000000000e+00,-1.511955451327e-04,-1.686170557912e-05,-1.343338395535e-04,-3.506617716155e-03,-2.166859925540e-05,-3.484949116899e-03,3.219162321969e-04,-2.213836632427e-05,3.440545985212e-04
2.420000000000e+00,-1.042688601152e-04,-1.660662315784e-05,-8.766223695740e-05,-3.917894738133e-03,-2.128662116809e-05,-3.896608116964e-03,-7.888196029049e-07,-2.174318613959e-05,2.095436653669e-05
2.430000000000e+00,-4.319031931878e-05,-1.635673982724e-05,-2.683357949154e-05,-4.246937776200e-03,-2.091391796871e-05,-4.226023858232e-03,-3.112044768682e-04,-2.135773483113e-05,-2.898467420371e-04
2.440000000000e+00,2.338775980546e-05,-1.611192186969e-05,3.949968167515e-05,-4.487169968231e-03,-2.055020124068e-05,-4.466619766990e-03,-5.554350722578e-04,-2.098170546168e-05,-5.344533667962e-04
2.450000000000e+00,8.572057458921e-05,-1.587203972803e-05,1.015926143172e-04,-4.639275729358e-03,-2.019519351743e-05,-4.619080535841e-03,-6.913653093907e-04,-2.061480291979e-05,-6.707505064710e-04
2.460000000000e+00,1.345873447681e-04,-1.563696785355e-05,1.502243126216e-04,-4.709369975168e-03,-1.984862779156e-05,-4.689521347376e-03,-6.956616045236e-04,-2.025674338175e-05,-6.754048611418e-04
2.470000000000e+00,1.628613192777e-04,-1.540658456036e-05,1.782679038381e-04,-4.706349305918e-03,-1.951024704932e-05,-4.686839058868e-03,-5.676496504441e-04,-1.990725380188e-05,-5.477423966422e-04
2.480000000000e+00,1.667311774823e-04,-1.518077188580e-05,1.819119493681e-04,-4.638804095786e-03,-1.917980382904e-05,-4.619624291957e-03,-3.295104125554e-04,-1.956607142925e-05,-3.099443411261e-04
2.490000000000e+00,1.463882722313e-04,-1.495941545663e-05,1.613476876879e-04,-4.512014093748e-03,-1.885705980197e-05,-4.493157033946e-03,-2.283567685635e-05,-1.923294334936e-05,-3.602733506996e-06
2.500000000000e+00,1.060107493820e-04,-1.474240436081e-05,1.207531537428e-04,-4.325488241174e-03,-1.854178537435e-05,-4.306946455800e-03,2.978160634172e-04,-1.890762604942e-05,3.167236894666e-04
2.510000000000e+00,5.307676291613e-05,-1.452963102450e-05,6.760639394062e-05,-4.071556535009e-03,-1.823375930938e-05,-4.053322775699e-03,5.732664077496e-04,-1.858988500565e-05,5.918562927552e-04
2.520000000000e+00,-2.912759414816e-06,-1.432099109408e-05,1.140823167927e-05,-3.735283026647e-03,-1.793276836818e-05,-3.717350258278e-03,7.485687510200e-04,-1.827949429151e-05,7.668482453115e-04
2.530000000000e+00,-5.206845185649e-05,-1.411638332298e-05,-3.795206853351e-05,-3.295880688022e-03,-1.763860696837e-05,-3.278242081053e-03,7.809511364638e-04,-1.797623620563e-05,7.989273726694e-04
2.540000000000e+00,-8.584859762971e-05,-1.391570946306e-05,-7.193288816665e-05,-2.729546869193e-03,-1.735107685954e-05,-2.712195792333e-03,6.456006553706e-04,-1.767990091819e-05,6.632805562888e-04
2.550000000000e+00,-9.861527963986e-05,-1.371887416034e-05,-8.489640547953e-05,-2.013435332088e-03,-1.706998681453e-05,-1.996365345273e-03,3.384520104952e-04,-1.739028613493e-05,3.558422966301e-04
2.560000000000e+00,-8.873525222326e-05,-1.352578485495e-05,-7.520946736831e-05,-1.130273990745e-03,-1.679515233569e-05,-1.113478838410e-03,-1.243695610338e-04,-1.710719677759e-05,-1.072623642562e-04
2.570000000000e+00,-5.909672152134e-05,-1.333635168502e-05,-4.576036983632e-05,-7.302575133779e-05,-1.652639537531e-05,-5.649935596249e-05,-7.102038223414e-04,-1.683044468005e-05,-6.933733776614e-04
2.580000000000e+00,-1.692589426508e-05,-1.315048739431e-05,-3.775406870769e-06,1.151090007032e-03,-1.626354406939e-05,1.167353551101e-03,-1.375926941216e-03,-1.655984829913e-05,-1.359367092917e-03
2.590000000000e+00,2.702027817446e-05,-1.296810724356e-05,3.998838541803e-05,2.517859897319e-03,-1.600643248415e-05,2.533866329803e-03,-2.075300119704e-03,-1.629523243939e-05,-2.059004887264e-03
2.600000000000e+00,5.978130802676e-05,-1.278912892532e-05,7.257043695207e-05,3.985147217076e-03,-1.575490037441e-05,4.000902117451e-03,-2.766381613122e-03,-1.603642799106e-05,-2.750345185131e-03
2.610000000000e+00,6.779776128829e-05,-1.261347248193e-05,8.041123377021e-05,5.494047474800e-03,-1.550879295342e-05,5.509556267753e-03,-3.417711179034e-03,-1.578327168047e-05,-3.401927907354e-03
2.620000000000e+00,3.858283903213e-05,-1.244106022689e-05,5.102389925902e-05,6.972198462748e-03,-1.526796067330e-05,6.987466423422e-03,-4.012313656611e-03,-1.553560583229e-05,-3.996778050779e-03
2.630000000000e+00,-3.779899688706e-05,-1.227181666911e-05,-2.552718021796e-05,8.338993806110e-03,-1.503225901579e-05,8.354026065126e-03,-4.548880713692e-03,-1.529327814282e-05,-4.533587435549e-03
2.640000000000e+00,-1.676248113709e-04,-1.210566844007e-05,-1.555191429309e-04,9.512190012166e-03,-1.480154829253e-05,9.526991560459e-03,-5.039995740608e-03,-1.505614146405e-05,-5.024939599144e-03
2.650000000000e+00,-3.529181865487e-04,-1.194254422385e-05,-3.409756423248e-04,1.041520184918e-02,-1.457569345449e-05,1.042977754263e-02,-5.507769077437e-03,-1.482405359752e-05,-5.492945023839e-03
2.660000000000e+00,-5.913936963453e-04,-1.178237468970e-05,-5.796113216556e-04,1.098423135120e-02,-1.435456391013e-05,1.099858591511e-02,-5.977606311791e-03,-1.459687709780e-05,-5.963009434693e-03
2.670000000000e+00,-8.769120338738e-04,-1.162509242720e-05,-8.652869414466e-04,1.117442356602e-02,-1.413803335170e-05,1.118856159937e-02,-6.471217215221e-03,-1.437447908496e-05,-6.456842736136e-03
2.680000000000e+00,-1.200324610010e-03,-1.147063188387e-05,-1.188853978126e-03,1.096429484363e-02,-1.392597958935e-05,1.097822082322e-02,-6.999960445478e-03,-1.415673106547e-05,-6.985803714413e-03
2.690000000000e+00,-1.550572012410e-03,-1.131892930508e-05,-1.539253083105e-03,1.035792146751e-02,-1.371828439269e-05,1.037163975191e-02,-7.559658980377e-03,-1.394350876132e-05,-7.545715471615e-03
2.700000000000e+00,-1.915823233311e-03,-1.116992267619e-05,-1.904653310635e-03,9.384644133657e-03,-1.351483333932e-05,9.398158966996e-03,-8.127693519873e-03,-1.373469194672e-05,-8.113958827927e-03
2.710000000000e+00,-2.284533433782e-03,-1.102355166683e-05,-2.273509882115e-03,8.096367157068e-03,-1.331551567006e-05,8.109682672738e-03,-8.662886768301e-03,-1.353016429212e-05,-8.649356604009e-03
2.720000000000e+00,-2.646234639532e-03,-1.087975757729e-05,-2.635354881955e-03,6.562824894788e-03,-1.312022415054e-05,6.575945118939e-03,-9.108241096114e-03,-1.332981321516e-05,-9.094911282899e-03
2.730000000000e+00,-2.991995459124e-03,-1.073848328674e-05,-2.981256975837e-03,4.865435568934e-03,-1.292885493877e-05,4.878364423873e-03,-9.396164801857e-03,-1.313352973816e-05,-9.383031272118e-03
2.740000000000e+00,-3.314498846954e-03,-1.059967320345e-05,-3.303899173751e-03,3.090533097092e-03,-1.274130745848e-05,3.103274404551e-03,-9.455518136503e-03,-1.294120835190e-05,-9.442576928151e-03
2.750000000000e+00,-3.607740905618e-03,-1.046327321679e-05,-3.597277632401e-03,1.322776334035e-03,-1.255748427790e-05,1.335333818313e-03,-9.219510272082e-03,-1.275274688527e-05,-9.206757525197e-03
2.760000000000e+00,-3.866452383434e-03,-1.032923065091e-05,-3.856123152783e-03,-3.605444957453e-04,-1.237729099371e-05,-3.481672047516e-04,-8.633450694995e-03,-1.256804638064e-05,-8.620882648615e-03
2.770000000000e+00,-4.085293340798e-03,-1.019749422014e-05,-4.075095846577e-03,-1.893717120160e-03,-1.220063611996e-05,-1.881516484040e-03,-7.661393036007e-03,-1.238701097452e-05,-7.649006025033e-03
2.780000000000e+00,-4.257996959681e-03,-1.006801398595e-05,-4.247928945695e-03,-3.225087092165e-03,-1.202743098166e-05,-3.213059661184e-03,-6.290891826322e-03,-1.220954778335e-05,-6.278682278539e-03
2.790000000000e+00,-4.376592519663e-03,-9.940741315453e-06,-4.366651778347e-03,-4.317771797889e-03,-1.185758961281e-05,-4.305914208276e-03,-4.535362660608e-03,-1.203556679420e-05,-4.523327093814e-03
2.800000000000e+00,-4.430853126349e-03,-9.815628841354e-06,-4.421037497508e-03,-5.148903945294e-03,-1.169102865879e-05,-5.137212916635e-03,-2.433937094202e-03,-1.186498076002e-05,-2.422072113442e-03
2.810000000000e+00,-4.408078421795e-03,-9.692630423354e-06,-4.398385791372e-03,-5.707836714940e-03,-1.152766728266e-05,-5.696309047658e-03,-4.893292444761e-05,-1.169770509930e-05,-3.723521934831e-05
2.820000000000e+00,-4.293351725335e-03,-9.571701110861e-06,-4.283780024224e-03,-5.993909654400e-03,-1.136742707550e-05,-5.982542227324e-03,2.538575520964e-03,-1.153365779999e-05,2.550109178764e-03
2.830000000000e+00,-4.070296121254e-03,-9.452797107007e-06,-4.060843324147e-03,-6.014346788890e-03,-1.121023197027e-05,-6.003136556920e-03,5.234478219446e-03,-1.137275932731e-05,5.245850978773e-03
2.840000000000e+00,-3.722337764747e-03,-9.335875733953e-06,-3.713001889013e-03,-5.782737882108e-03,-1.105600815931e-05,-5.771681873949e-03,7.937888374654e-03,-1.121493253551e-05,7.949103307189e-03
2.850000000000e+00,-3.234426566875e-03,-9.220895399325e-06,-3.225205671475e-03,-5.318366107150e-03,-1.090468401514e-05,-5.307461423135e-03,1.054726393352e-02,-1.106010258306e-05,1.055832403611e-02
2.860000000000e+00,-2.595079408680e-03,-9.107815563879e-06,-2.585971593116e-03,-4.646388111879e-03,-1.075619001442e-05,-4.635631921865e-03,1.296576875361e-02,-1.090819685152e-05,1.297667695046e-02
2.870000000000e+00,-1.798563219216e-03,-8.996596710223e-06,-1.789566622506e-03,-3.798648763226e-03,-1.061045866508e-05,-3.788038304561e-03,1.510555021316e-02,-1.075914486755e-05,1.511630935802e-02
2.880000000000e+00,-8.469849555001e-04,-8.887200312602e-06,-8.380977551875e-04,-2.814673598341e-03,-1.046742443622e-05,-2.804206173905e-03,1.689066201867e-02,-1.061287822811e-05,1.690127489690e-02
2.890000000000e+00,2.479710622041e-04,-8.779588807755e-06,2.567506510119e-04,-1.742300591751e-03,-1.032702369092e-05,-1.731973568061e-03,1.825877513682e-02,-1.046933052873e-05,1.826924446735e-02
2.900000000000e+00,1.463917858440e-03,-8.673725566697e-06,1.472591584006e-03,-6.374153375929e-04,-1.018919462158e-05,-6.272261429713e-04,1.916183952179e-02,-1.032843729455e-05,1.917216795908e-02
2.910000000000e+00,2.767474164238e-03,-8.569574867492e-06,2.776043739106e-03,4.376430310357e-04,-1.005387718793e-05,4.476969082237e-04,1.956608953479e-02,-1.019013591414e-05,1.957627967070e-02
2.920000000000e+00,4.114946637294e-03,-8.467101868914e-06,4.123413739163e-03,1.417218276603e-03,-9.921013057402e-06,1.427139289660e-03,1.945178270135e-02,-1.005436557600e-05,1.946183706692e-02
2.930000000000e+00,5.454041042519e-03,-8.366272585005e-06,5.462407315104e-03,2.236901929619e-03,-9.790545547764e-06,2.246692475166e-03,1.881303343182e-02,-9.921067207422e-06,1.882295449903e-02
2.940000000000e+00,6.726527026424e-03,-8.267053860447e-06,6.734794080284e-03,2.839167286960e-03,-9.662419572082e-06,2.848829706532e-03,1.765799488300e-02,-9.790183415854e-06,1.766778506641e-02
2.950000000000e+00,7.871683249170e-03,-8.169413346796e-06,7.879852662517e-03,3.179402259805e-03,-9.536581585714e-06,3.188938841390e-03,1.600953115057e-02,-9.661658432497e-06,1.601919280900e-02
2.960000000000e+00,8.830213333061e-03,-8.073319479417e-06,8.838286652541e-03,3.231506970791e-03,-9.412979535389e-06,3.240919950327e-03,1.390623812507e-02,-9.535438058102e-06,1.391577356313e-02
2.970000000000e+00,9.548269391404e-03,-7.978741455278e-06,9.556248132859e-03,2.992176844240e-03,-9.291562810173e-06,3.001468407050e-03,1.140362245002e-02,-9.411469610832e-06,1.141303391963e-02
2.980000000000e+00,9.981204088683e-03,-7.885649211374e-06,9.989089737894e-03,2.483093268784e-03,-9.172282194336e-06,2.492265550978e-03,8.575011273644e-03,-9.289701876132e-06,8.584300975520e-03
2.990000000000e+00,1.009665020665e-02,-7.794013403910e-06,1.010444422005e-02,1.750442200656e-03,-9.055089821967e-06,1.759497290478e-03,5.511713804644e-03,-9.170085058506e-06,5.520883889702e-03
3.000000000000e+00,9.876660463219e-03,-7.703805388127e-06,9.884364268607e-03,8.615692790968e-04,-8.939939133304e-06,8.705092182301e-04,2.321997032358e-03,-9.052570735130e-06,2.331049603094e-03
3.010000000000e+00,9.318691638895e-03,-7.614997198794e-06,9.326306636093e-03,-1.010816387455e-04,-8.826784832680e-06,-9.225485391286e-05,-8.715557759809e-04,-8.937111811185e-06,-8.626186641697e-04
3.020000000000e+00,8.435411519601e-03,-7.527561531300e-06,8.442939081132e-03,-1.048133814161e-03,-8.715582848042e-06,-1.039418231313e-03,-3.936514191999e-03,-8.823662476895e-06,-3.927690529522e-03
3.030000000000e+00,7.253424841621e-03,-7.441471723400e-06,7.260866313344e-03,-1.892693704873e-03,-8.606290291954e-06,-1.884087414581e-03,-6.736909576604e-03,-8.712178166151e-06,-6.728197398438e-03
3.040000000000e+00,5.811114353450e-03,-7.356701737462e-06,5.818471055187e-03,-2.559822170796e-03,-8.498865424036e-06,-2.551323305372e-03,-9.141117212872e-03,-8.602615516670e-06,-9.132514597355e-03
3.050000000000e+00,4.155956096486e-03,-7.273226143365e-06,4.163229322629e-03,-2.994958836467e-03,-8.393267614775e-06,-2.986565568852e-03,-1.103083336475e-02,-8.494932331634e-06,-1.102233843241e-02
3.060000000000e+00,2.341617514709e-03,-7.191020101855e-06,2.348808534811e-03,-3.170157182202e-03,-8.289457310655e-06,-3.161867724892e-03,-1.231033560748e-02,-8.389087542725e-06,-1.230194651994e-02
3.070000000000e+00,4.251846539767e-04,-7.110059348475e-06,4.322947133251e-04,-3.087342264828e-03,-8.187396000534e-06,-3.079154868828e-03,-1.291518032070e-02,-8.285041174516e-06,-1.290689527952e-02
3.080000000000e+00,-1.535252427429e-03,-7.030320177989e-06,-1.528222107251e-03,-2.778156766264e-03,-8.087046183259e-06,-2.770069720081e-03,-1.281931312463e-02,-8.182754310174e-06,-1.281113037032e-02
3.090000000000e+00,-3.482459811898e-03,-6.951779429265e-06,-3.475508032468e-03,-2.300378738252e-03,-7.988371336409e-06,-2.292390366916e-03,-1.203970281232e-02,-8.082189058367e-06,-1.203162062326e-02
3.100000000000e+00,-5.361399515406e-03,-6.874414470648e-06,-5.354525100936e-03,-1.731367388669e-03,-7.891335886169e-06,-1.723476052783e-03,-1.063772675856e-02,-7.983308521395e-06,-1.062974345004e-02
3.110000000000e+00,-7.120122267753e-03,-6.798203185781e-06,-7.113324064567e-03,-1.159343598479e-03,-7.795905178277e-06,-1.151547693300e-03,-8.716881320019e-03,-7.886076764445e-06,-8.708995243255e-03
3.120000000000e+00,-8.710371044105e-03,-6.723123959867e-06,-8.703647920145e-03,-6.735830028877e-04,-7.702045449982e-06,-6.658809574377e-04,-6.416653826564e-03,-7.790458785955e-06,-6.408863367778e-03
3.130000000000e+00,-1.008815302749e-02,-6.649155666328e-06,-1.008150387183e-02,-3.547183649662e-04,-7.609723802999e-06,-3.471086411632e-04,-3.902941681354e-03,-7.696420489017e-06,-3.895245260865e-03
3.140000000000e+00,-1.121445990131e-02,-6.576277653904e-06,-1.120788362366e-02,-2.662484985556e-04,-7.518908177414e-06,-2.587295903782e-04,-1.355687814513e-03,-7.603928653798e-06,-1.348083885859e-03
3.150000000000e+00,-1.205627380592e-02,-6.504469734111e-06,-1.204976933619e-02,-4.482196856311e-04,-7.429567326464e-06,-4.407901183047e-04,1.045198039782e-03,-7.512950910920e-06,1.052710990693e-03
3.160000000000e+00,-1.258788671970e-02,-6.433712169101e-06,-1.258145300753e-02,-9.136537045383e-04,-7.341670792241e-06,-9.063120337461e-04,3.134305593589e-03,-7.423455715788e-06,3.141729049305e-03
3.170000000000e+00,-1.279245216816e-02,-6.363985659885e-06,-1.278608818250e-02,-1.647970513935e-03,-7.255188882180e-06,-1.640715325053e-03,4.774189773899e-03,-7.335412323785e-06,4.781525186223e-03
3.180000000000e+00,-1.266352117982e-02,-6.295271334889e-06,-1.265722590849e-02,-2.611263937319e-03,-7.170092646413e-06,-2.604093844673e-03,5.866469122727e-03,-7.248790766363e-06,5.873717913493e-03
3.190000000000e+00,-1.220631536791e-02,-6.227550738875e-06,-1.220008781718e-02,-3.742928208779e-03,-7.086353855832e-06,-3.735841854923e-03,6.359432418049e-03,-7.163561827918e-06,6.366595979876e-03
3.200000000000e+00,-1.143839498876e-02,-6.160805822199e-06,-1.143223418294e-02,-4.967921435400e-03,-7.003944980949e-06,-4.960917490419e-03,6.251360673730e-03,-7.079697023488e-06,6.258440370754e-03
3.210000000000e+00,-1.038941720985e-02,-6.095018930332e-06,-1.038332219092e-02,-6.203810476011e-03,-6.922839171435e-06,-6.196887636839e-03,5.589245155173e-03,-6.997168577190e-06,5.596242323751e-03
3.220000000000e+00,-9.099856090015e-03,-6.030172793764e-06,-9.093825917221e-03,-7.367772676403e-03,-6.843010236380e-06,-7.360929666167e-03,4.463066414626e-03,-6.915949401423e-06,4.469982364027e-03
3.230000000000e+00,-7.618579207316e-03,-5.966250518162e-06,-7.612612956798e-03,-8.382801570020e-03,-6.764432625184e-06,-8.376037137395e-03,2.996282908004e-03,-6.836013076725e-06,3.003118921081e-03
3.240000000000e+00,-5.999480488349e-03,-5.903235574818e-06,-5.993577252774e-03,-9.182620982018e-03,-6.687081409113e-06,-9.175933900609e-03,1.333561119071e-03,-6.757333832365e-06,1.340318452903e-03
3.250000000000e+00,-4.297438017589e-03,-5.841111791394e-06,-4.291596905798e-03,-9.714988779874e-03,-6.610932263440e-06,-9.708377847610e-03,-3.729213595014e-04,-6.679886527533e-06,-3.662414729739e-04
3.260000000000e+00,-2.564079437772e-03,-5.779863342903e-06,-2.558299574429e-03,-9.943380241236e-03,-6.535961450201e-06,-9.936844279786e-03,-1.977179801296e-03,-6.603646633196e-06,-1.970576154663e-03
3.270000000000e+00,-8.438628597646e-04,-5.719474743002e-06,-8.381433850216e-04,-9.847198317152e-03,-6.462145801502e-06,-9.840736171350e-03,-3.351768689491e-03,-6.528590214534e-06,-3.345240099276e-03
3.280000000000e+00,8.289574683864e-04,-5.659930835481e-06,8.346173992219e-04,-9.420835168186e-03,-6.389462703384e-06,-9.414445705483e-03,-4.397611490590e-03,-6.454693913973e-06,-4.391156796676e-03
3.290000000000e+00,2.432060879712e-03,-5.601216786033e-06,2.437662096498e-03,-8.671968117396e-03,-6.317890080206e-06,-8.665650227316e-03,-5.050512236091e-03,-6.381934934761e-06,-5.044130301156e-03
3.300000000000e+00,3.955150067708e-03,-5.543318074247e-06,3.960693385782e-03,-7.619484970143e-03,-6.247406379537e-06,-7.613237563763e-03,-5.283953864230e-03,-6.310291025093e-06,-5.277643573205e-03
3.310000000000e+00,5.398325167038e-03,-5.486220485839e-06,5.403811387524e-03,-6.291345220214e-03,-6.177990557541e-06,-6.285167229656e-03,-5.108223120199e-03,-6.239740462747e-06,-5.101983379736e-03
3.320000000000e+00,6.768886113477e-03,-5.429910105076e-06,6.774316023583e-03,-4.722613129636e-03,-6.109622064827e-06,-4.716503507571e-03,-4.566298771833e-03,-6.170262040226e-06,-4.560128509792e-03
3.330000000000e+00,8.076927337544e-03,-5.374373307455e-06,8.082301710852e-03,-2.953779628685e-03,-6.042280832754e-06,-2.947737347852e-03,-3.727249937835e-03,-6.101835050376e-06,-3.721148102785e-03
3.340000000000e+00,9.330310458651e-03,-5.319596752546e-06,9.335630055403e-03,-1.029385468750e-03,-5.975947260183e-06,-1.023409521490e-03,-2.678052983111e-03,-6.034439272473e-06,-2.672018543838e-03
3.350000000000e+00,1.052968004883e-02,-5.265567377088e-06,1.053494561621e-02,1.003103599428e-03,-5.910602200616e-06,1.009014201629e-03,-1.514820939939e-03,-5.968054958728e-06,-1.508852884981e-03
3.360000000000e+00,1.166425427664e-02,-5.212272388204e-06,1.166946654903e-02,3.094255412651e-03,-5.846226949800e-06,3.100101639601e-03,-3.343365012836e-04,-5.902662821285e-06,-3.284338384623e-04
3.370000000000e+00,1.270901563740e-02,-5.159699256899e-06,1.271417533666e-02,5.193534445627e-03,-5.782803233655e-06,5.199317248861e-03,7.734115969711e-04,-5.838244019545e-06,7.792498409906e-04
3.380000000000e+00,1.362383573129e-02,-5.107835711640e-06,1.362894356700e-02,7.250122382420e-03,-5.720313196640e-06,7.255842695617e-03,1.731179307797e-03,-5.774780147982e-06,1.736954087945e-03
3.390000000000e+00,1.435477434498e-02,-5.056669732197e-06,1.435983101472e-02,9.213745242196e-03,-5.658739390434e-06,9.219403981587e-03,2.478660758008e-03,-5.712253224267e-06,2.484373011232e-03
3.400000000000e+00,1.483761117165e-02,-5.006189543609e-06,1.484261736119e-02,1.103543001078e-02,-5.598064763001e-06,1.104102807554e-02,2.974968859507e-03,-5.650645677810e-06,2.980619505185e-03
3.410000000000e+00,1.500330837005e-02,-4.956383610313e-06,1.500826475366e-02,1.266823472222e-02,-5.538272647986e-06,1.267377299486e-02,3.199532332540e-03,-5.589940338652e-06,3.205122272879e-03
3.420000000000e+00,1.478495015463e-02,-4.907240630456e-06,1.478985739526e-02,1.406785580945e-02,-5.479346754425e-06,1.407333515621e-02,3.151688905472e-03,-5.530120426681e-06,3.157219025898e-03
3.430000000000e+00,1.412543720424e-02,-4.858749530373e-06,1.413029595377e-02,1.519321252820e-02,-5.421271156789e-06,1.519863379936e-02,2.849264809169e-03,-5.471169541213e-06,2.854735978710e-03
3.440000000000e+00,1.298514511700e-02,-4.810899459145e-06,1.298995601645e-02,1.600697984861e-02,-5.364030285321e-06,1.601234387890e-02,2.326382254521e-03,-5.413071650868e-06,2.331795326171e-03
3.450000000000e+00,1.134872435123e-02,-4.763679783405e-06,1.135348803102e-02,1.647625305107e-02,-5.307608916665e-06,1.648156065998e-02,1.630670538619e-03,-5.355811083771e-06,1.636026349703e-03
3.460000000000e+00,9.230256310577e-03,-4.717080082200e-06,9.234973390659e-03,1.657340250911e-02,-5.251992164796e-06,1.657865450127e-02,8.199499930895e-04,-5.299372518053e-06,8.252493656075e-04
3.470000000000e+00,6.676163333976e-03,-4.671090142044e-06,6.680834424118e-03,1.627729837490e-02,-5.197165472205e-06,1.628249554037e-02,-4.155323988603e-05,-5.243740972635e-06,-3.630949891339e-05
3.480000000000e+00,3.765453785298e-03,-4.625699952074e-06,3.770079485250e-03,1.557492728529e-02,-5.143114601351e-06,1.558007039989e-02,-8.874689466949e-04,-5.188901798288e-06,-8.822800448966e-04
3.490000000000e+00,6.071467139993e-04,-4.580899699346e-06,6.117276136986e-04,1.446344286058e-02,-5.089825626387e-06,1.446853268620e-02,-1.653965865867e-03,-5.134840668979e-06,-1.648831025198e-03
3.500000000000e+00,-2.665033728929e-03,-4.536679764252e-06,-2.660497049165e-03,1.295249549935e-02,-5.037284925114e-06,1.295753278428e-02,-2.284665069199e-03,-5.081543573461e-06,-2.279583525626e-03
3.510000000000e+00,-5.900305726269e-03,-4.493030716078e-06,-5.895812695553e-03,1.106661383851e-02,-4.985479171174e-06,1.107159931768e-02,-2.735563126032e-03,-5.028996807124e-06,-2.730534129224e-03
3.520000000000e+00,-8.940278407068e-03,-4.449943308639e-06,-8.935828463760e-03,8.847294558701e-03,-4.934395326491e-06,8.852228954027e-03,-2.979511404429e-03,-4.977186964082e-06,-2.974534217465e-03
3.530000000000e+00,-1.162941523402e-02,-4.407408476076e-06,-1.162500782554e-02,6.354375259266e-03,-4.884020633921e-06,6.359259279900e-03,-3.009802412463e-03,-4.926100929510e-06,-3.004876311534e-03
3.540000000000e+00,-1.382572426731e-02,-4.365417328727e-06,-1.382135884998e-02,3.666260804821e-03,-4.834342610115e-06,3.671095147431e-03,-2.842290693652e-03,-4.875725872183e-06,-2.837414967780e-03
3.550000000000e+00,-1.541075180191e-02,-4.323961149127e-06,-1.540642784076e-02,8.786202709805e-04,-4.785349038596e-06,8.834056200191e-04,-2.515615656425e-03,-4.826049237248e-06,-2.510789607187e-03
3.560000000000e+00,-1.629812472094e-02,-4.283031388095e-06,-1.629384168956e-02,-1.898679222440e-03,-4.737027963056e-06,-1.893942194477e-03,-2.089162546836e-03,-4.777058739237e-06,-2.084385488097e-03
3.570000000000e+00,-1.643990841590e-02,-4.242619660945e-06,-1.643566579624e-02,-4.546464329704e-03,-4.689367680802e-06,-4.541774962023e-03,-1.638692382145e-03,-4.728742355218e-06,-1.633963639790e-03
3.580000000000e+00,-1.583029077228e-02,-4.202717743774e-06,-1.582608805453e-02,-6.942815046835e-03,-4.642356736440e-06,-6.938172690099e-03,-1.249785109105e-03,-4.681088318210e-06,-1.245104020786e-03
3.590000000000e+00,-1.450630875296e-02,-4.163317569855e-06,-1.450214543539e-02,-8.970892852459e-03,-4.595983915705e-06,-8.966296868544e-03,-1.009617437997e-03,-4.634085110750e-06,-1.004983352886e-03
3.600000000000e+00,-1.254553571791e-02,-4.124411226123e-06,-1.254141130668e-02,-1.052739413892e-02,-4.550238239494e-06,-1.052284390068e-02,-9.977875701994e-04,-4.587721458666e-06,-9.931998487408e-04
3.610000000000e+00,-1.006095940915e-02,-4.085990949761e-06,-1.005687341820e-02,-1.153090978184e-02,-4.505108958053e-06,-1.152640467288e-02,-1.277177169885e-03,-4.541986325023e-06,-1.272635183560e-03
3.620000000000e+00,-7.193415510353e-03,-4.048049124844e-06,-7.189367461228e-03,-1.192933703026e-02,-4.460585545328e-06,-1.192487644471e-02,-1.885886781601e-03,-4.496868904228e-06,-1.881389912697e-03
3.630000000000e+00,-4.102229526426e-03,-4.010578279082e-06,-4.098218948147e-03,-1.170553715835e-02,-4.416657693496e-06,-1.170112050065e-02,-2.831207899047e-03,-4.452358616335e-06,-2.826755540430e-03
3.640000000000e+00,-9.547473612292e-04,-3.973571080696e-06,-9.507737901485e-04,-1.088058302846e-02,-4.373315307617e-06,-1.087620971315e-02,-4.086499700574e-03,-4.408445101479e-06,-4.082091255473e-03
3.650000000000e+00,2.084442838198e-03,-3.937020335257e-06,2.088379858533e-03,-9.514086609955e-03,-4.330548500479e-06,-9.509756061454e-03,-5.591465270675e-03,-4.365118214494e-06,-5.587100152460e-03
3.660000000000e+00,4.863785795937e-03,-3.900918982738e-06,4.867686714920e-03,-7.701468354651e-03,-4.288347587540e-06,-7.697180007063e-03,-7.255937883415e-03,-4.322368019661e-06,-7.251615515395e-03
3.670000000000e+00,7.253828764450e-03,-3.865260094550e-06,7.257694024544e-03,-5.568224052215e-03,-4.246703082057e-06,-5.563977349133e-03,-8.966927219617e-03,-4.280184785621e-06,-8.962647034831e-03
3.680000000000e+00,9.154467994477e-03,-3.830036870658e-06,9.158298031347e-03,-3.261636659729e-03,-4.205605690309e-06,-3.257431054039e-03,-1.059821717500e-02,-4.238558980418e-06,-1.059397861601e-02
3.690000000000e+00,1.049993352934e-02,-3.795242636848e-06,1.050372877198e-02,-9.405525129332e-04,-4.165046306992e-06,-9.363874666262e-04,-1.202149991571e-02,-4.197481266697e-06,-1.201730243445e-02
3.700000000000e+00,1.126126634137e-02,-3.760870841928e-06,1.126502721221e-02,1.235889846734e-03,-4.125016010698e-06,1.240014862745e-03,-1.311786039205e-02,-4.156942497001e-06,-1.311370344955e-02
3.710000000000e+00,1.144620142152e-02,-3.726915055160e-06,1.144992833658e-02,3.119659147610e-03,-4.085506059566e-06,3.123744653669e-03,-1.378830752844e-02,-4.116933709254e-06,-1.378419059473e-02
3.720000000000e+00,1.109662008426e-02,-3.693368963582e-06,1.110031345322e-02,4.584380201353e-03,-4.046507887009e-06,4.588426709240e-03,-1.396222994038e-02,-4.077446122307e-06,-1.395815249425e-02
3.730000000000e+00,1.028383655793e-02,-3.660226369564e-06,1.028749678430e-02,5.534188357184e-03,-4.008013097588e-06,5.538196370282e-03,-1.360285260568e-02,-4.038471131659e-06,-1.359881413454e-02
3.740000000000e+00,9.102157749465e-03,-3.627481188282e-06,9.105785230653e-03,5.910149612257e-03,-3.970013462968e-06,5.914119625720e-03,-1.270915927820e-02,-4.000000305243e-06,-1.270515927789e-02
3.750000000000e+00,7.661207067635e-03,-3.595127445352e-06,7.664802195080e-03,5.693809883041e-03,-3.932500918029e-06,5.697742383959e-03,-1.131417239019e-02,-3.962025379391e-06,-1.131021036481e-02
3.760000000000e+00,6.077573808337e-03,-3.563159274473e-06,6.081136967612e-03,4.907599324350e-03,-3.895467557028e-06,4.911494791907e-03,-9.479922722419e-03,-3.924538254843e-06,-9.475998184164e-03
3.770000000000e+00,4.466397335436e-03,-3.531570915145e-06,4.469928906351e-03,3.612163754019e-03,-3.858905629908e-06,3.616022659649e-03,-7.289831032543e-03,-3.887530992913e-06,-7.285943501550e-03
3.780000000000e+00,2.933385732085e-03,-3.500356710426e-06,2.936886088796e-03,1.900893696603e-03,-3.822807538684e-06,1.904716504142e-03,-4.839555284759e-03,-3.850995811736e-06,-4.835704288947e-03
3.790000000000e+00,1.567839078565e-03,-3.469511104775e-06,1.571308589670e-03,-1.078421889488e-04,-3.787165833923e-06,-1.040550231149e-04,-2.227428422423e-03,-3.814925082605e-06,-2.223613497340e-03
3.800000000000e+00,4.370799834966e-04,-3.439028641896e-06,4.405190121385e-04,-2.280109807275e-03,-3.751973211337e-06,-2.276357834063e-03,4.542534172842e-04,-3.779311326451e-06,4.580327286106e-04
3.810000000000e+00,-4.173259943072e-04,-3.408903962693e-06,-4.139170903445e-04,-4.476671427748e-03,-3.717222508445e-06,-4.472954205240e-03,3.126099420854e-03,-3.744147210360e-06,3.129843568064e-03
3.820000000000e+00,-9.813225422789e-04,-3.379131803231e-06,-9.779434104757e-04,-6.563288266428e-03,-3.682906701331e-06,-6.559605359726e-03,5.725844297570e-03,-3.709425544216e-06,5.729553723115e-03
3.830000000000e+00,-1.267926914055e-03,-3.349706992759e-06,-1.264577207062e-03,-8.420295300516e-03,-3.649018901500e-06,-8.416646281615e-03,8.209545891922e-03,-3.675139277438e-06,8.213221031199e-03
3.840000000000e+00,-1.314675382902e-03,-3.320624451790e-06,-1.311354758450e-03,-9.950663642155e-03,-3.615552352789e-06,-9.947048089802e-03,1.054978753038e-02,-3.641281495776e-06,1.055342881187e-02
3.850000000000e+00,-1.179034290057e-03,-3.291879190196e-06,-1.175742410867e-03,-1.108601162238e-02,-3.582500428386e-06,-1.108242912195e-02,1.273128237518e-02,-3.607845418218e-06,1.273489022060e-02
3.860000000000e+00,-9.321562523198e-04,-3.263466305411e-06,-9.288927860144e-04,-1.179009039282e-02,-3.549856627912e-06,-1.178654053619e-02,1.474473592413e-02,-3.574824393962e-06,1.474831074852e-02
3.870000000000e+00,-6.514305398395e-04,-3.235380980577e-06,-6.481951588590e-04,-1.205954456344e-02,-3.517614574581e-06,-1.205602694886e-02,1.657990954045e-02,-3.542211899475e-06,1.658345175235e-02
3.880000000000e+00,-4.124476780872e-04,-3.207618482844e-06,-4.092400596043e-04,-1.192191393845e-02,-3.485768012431e-06,-1.191842817044e-02,1.821913025616e-02,-3.510001535619e-06,1.822264025769e-02
3.890000000000e+00,-2.810862907884e-04,-3.180174161616e-06,-2.779061166268e-04,-1.143112198078e-02,-3.454310803638e-06,-1.142766766997e-02,1.963227760391e-02,-3.478187024867e-06,1.963575579093e-02
3.900000000000e+00,-3.064698633204e-04,-3.153043446917e-06,-3.033168198735e-04,-1.066082907661e-02,-3.423236925878e-06,-1.065740583969e-02,2.077419885373e-02,-3.446762208574e-06,2.077764561594e-02
3.910000000000e+00,-5.155424968287e-04,-3.126221847729e-06,-5.124162749810e-04,-9.696309736286e-03,-3.392540469787e-06,-9.692917195816e-03,2.158514395597e-02,-3.415721044340e-06,2.158855967701e-02
3.920000000000e+00,-9.098705371483e-04,-3.099704950402e-06,-9.067708321979e-04,-8.625541608502e-03,-3.362215636451e-06,-8.622179392866e-03,2.199445477323e-02,-3.385057603409e-06,2.199783983083e-02
3.930000000000e+00,-1.465109182850e-03,-3.073488417103e-06,-1.462035694432e-03,-7.530359362562e-03,-3.332256734979e-06,-7.527027105827e-03,2.192723169509e-02,-3.354766068164e-06,2.193058646116e-02
3.940000000000e+00,-2.133347429991e-03,-3.047567984284e-06,-2.130299862006e-03,-6.478452659074e-03,-3.302658180144e-06,-6.475150000894e-03,2.131333981727e-02,-3.324840729672e-06,2.131666465800e-02
3.950000000000e+00,-2.848203803252e-03,-3.021939461212e-06,-2.845181863791e-03,-5.516985259169e-03,-3.273414490070e-06,-5.513711844679e-03,2.009774966922e-02,-3.295275985297e-06,2.010104494520e-02
3.960000000000e+00,-3.532251861280e-03,-2.996598728487e-06,-3.529255262552e-03,-4.668415679973e-03,-3.244520283973e-06,-4.665171159689e-03,1.825093152704e-02,-3.266066336360e-06,1.825419759338e-02
3.970000000000e+00,-4.106081888370e-03,-2.971541736645e-06,-4.103110346634e-03,-3.928934028175e-03,-3.215970279983e-06,-3.925718057895e-03,1.577795863406e-02,-3.237206385883e-06,1.578119584045e-02
3.980000000000e+00,-4.498018585849e-03,-2.946764504757e-06,-4.495071821344e-03,-3.269680589417e-03,-3.187759292989e-06,-3.266492830124e-03,1.272503315709e-02,-3.208690836363e-06,1.272824184793e-02
3.990000000000e+00,-4.653448137714e-03,-2.922263119088e-06,-4.650525874595e-03,-2.640623112025e-03,-3.159882232572e-06,-2.637463229792e-03,9.182391029652e-03,-3.180514487626e-06,9.185571544139e-03
4.000000000000e+00,-4.542632752444e-03,-2.898033731752e-06,-4.539734718712e-03,-1.976767391257e-03,-3.132334100945e-06,-1.973635057156e-03,5.282879615450e-03,-3.152672234705e-06,5.286032287684e-03
