t,p_dibem_0_9_0_0_,p_exact_0_9_0_0_,error_0_9_0_0_,p_dibem_0_0_0_9_,p_exact_0_0_0_9_,error_0_0_0_9_,p_dibem_0_65_0_65_,p_exact_0_65_0_65_,error_0_65_0_65_
0.000000000000e+00,0.000000000000e+00,0.000000000000e+00,0.000000000000e+00,0.000000000000e+00,0.000000000000e+00,0.000000000000e+00,0.000000000000e+00,0.000000000000e+00,0.000000000000e+00
5.000000000000e-03,1.789955490993e-15,4.577548445010e-17,1.744180006542e-15,1.752295942608e-15,-7.210487834474e-17,1.824400820953e-15,-2.332071347625e-16,1.041758361915e-16,-3.373829709540e-16
1.000000000000e-02,9.582162922683e-15,7.936079579998e-16,8.788554964684e-15,9.251622770726e-15,-1.258378781701e-15,1.051000155243e-14,-1.256291491099e-15,1.799741566324e-15,-3.056033057422e-15
1.500000000000e-02,2.720910021933e-14,4.381936327406e-15,2.282716389192e-14,2.569835742209e-14,-7.020427788249e-15,3.271878521033e-14,-3.611220432848e-15,9.878165229652e-15,-1.348938566250e-14
2.000000000000e-02,5.784607380907e-14,1.519617868895e-14,4.264989512011e-14,5.302956525377e-14,-2.467402530498e-14,7.770359055875e-14,-7.726388745868e-15,3.396209944455e-14,-4.168848819042e-14
2.500000000000e-02,1.051555100861e-13,4.093119264836e-14,6.422431743777e-14,9.295544184750e-14,-6.750974767599e-14,1.604651895235e-13,-1.450796091928e-14,9.042594115281e-14,-1.049339020721e-13
3.000000000000e-02,1.736452118981e-13,9.409342516172e-14,7.955178673641e-14,1.474158259083e-13,-1.578953872836e-13,3.053112131919e-13,-2.491257519410e-14,2.048271596929e-13,-2.297397348869e-13
3.500000000000e-02,2.699449041746e-13,1.940276830060e-13,7.591722116858e-14,2.193243868950e-13,-3.315547894636e-13,5.508791763587e-13,-3.960014185395e-14,4.147898096405e-13,-4.543899514945e-13
4.000000000000e-02,3.999563269438e-13,3.698496897987e-13,3.010663714513e-14,3.103557826214e-13,-6.438616151675e-13,9.542173977890e-13,-6.179938690189e-14,7.736486298970e-13,-8.354480167989e-13
4.500000000000e-02,5.745376537005e-13,6.640070750613e-13,-8.946942136082e-14,4.256461558726e-13,-1.177622017810e-12,1.603268173682e-12,-9.153895674205e-14,1.354002409132e-12,-1.445541365874e-12
5.000000000000e-02,8.035152524664e-13,1.137201085339e-12,-3.336858328722e-13,5.704010009413e-13,-2.053868894435e-12,2.624269895376e-12,-1.325375108264e-13,2.251975941405e-12,-2.384513452232e-12
5.500000000000e-02,1.100463907397e-12,1.874653101432e-12,-7.741891940348e-13,7.491420106903e-13,-3.445766760042e-12,4.194908770733e-12,-1.902961235582e-13,3.591398322438e-12,-3.781694445996e-12
6.000000000000e-02,1.484924829157e-12,2.994081312128e-12,-1.509156482972e-12,9.734800137545e-13,-5.596331531414e-12,6.569811545169e-12,-2.631647035419e-13,5.527984151723e-12,-5.791148855265e-12
6.500000000000e-02,1.971850730221e-12,4.655903515305e-12,-2.684052785084e-12,1.248312253953e-12,-8.841085242765e-12,1.008939749672e-11,-3.643562774486e-13,8.253527078806e-12,-8.617883356254e-12
7.000000000000e-02,2.592269186021e-12,7.076007384589e-12,-4.483738198567e-12,1.592442115414e-12,-1.363648943545e-11,1.522893155087e-11,-4.901064038325e-13,1.199928605018e-11,-1.248939245402e-11
7.500000000000e-02,3.358026526126e-12,1.054144586765e-11,-7.183419341522e-12,2.006040984655e-12,-2.059486030494e-11,2.260090128959e-11,-6.617104874823e-13,1.703783707405e-11,-1.769954756153e-11
8.000000000000e-02,4.310658173056e-12,1.542991160910e-11,-1.111925343605e-11,2.511284211606e-12,-3.052738473745e-11,3.303866894906e-11,-8.789411674670e-13,2.368362279989e-11,-2.456256396736e-11
8.500000000000e-02,5.472333661348e-12,2.223367032560e-11,-1.676133666425e-11,3.118038128549e-12,-4.449673510418e-11,4.761477323273e-11,-1.156925016500e-12,3.229094345848e-11,-3.344786847498e-11
9.000000000000e-02,6.871777190674e-12,3.158814192923e-11,-2.471636473856e-11,3.831523952484e-12,-6.387961082757e-11,6.771113478005e-11,-1.518426627643e-12,4.324689756609e-11,-4.476532419373e-11
9.500000000000e-02,8.574544716732e-12,4.430566202697e-11,-3.573111731024e-11,4.672639233969e-12,-9.043993610673e-11,9.511257534070e-11,-1.955181160444e-12,5.695780895762e-11,-5.891299011806e-11
1.000000000000e-01,1.059268745766e-11,6.141584416902e-11,-5.082315671136e-11,5.636849871984e-12,-1.264154831185e-10,1.320523329905e-10,-2.499186293010e-12,7.382811085963e-11,-7.632729715264e-11
1.050000000000e-01,1.292576387907e-11,8.421289510338e-11,-7.128713122431e-11,6.728223178538e-12,-1.746184785960e-10,1.813467017745e-10,-3.170521978461e-12,9.422742987046e-11,-9.739795184892e-11
1.100000000000e-01,1.567964911603e-11,1.143092310202e-10,-9.862958190418e-11,7.974043227511e-12,-2.385479883244e-10,2.465220315519e-10,-3.927596859153e-12,1.184411184857e-10,-1.223687153448e-10
1.150000000000e-01,1.877815413028e-11,1.536956988713e-10,-1.349175447410e-10,9.265155148506e-12,-3.225137797488e-10,3.317789348973e-10,-4.924122028656e-12,1.466011891784e-10,-1.515253112071e-10
1.200000000000e-01,2.222102165374e-11,2.048099150102e-10,-1.825888933565e-10,1.061190072486e-11,-4.317743961356e-10,4.423862968604e-10,-6.119114328982e-12,1.785931240481e-10,-1.847122383771e-10
1.250000000000e-01,2.599527868757e-11,2.706116726459e-10,-2.446163939583e-10,1.197391257229e-11,-5.726857832312e-10,5.846596958035e-10,-7.555888265481e-12,2.139311156374e-10,-2.214870039029e-10
1.300000000000e-01,3.015857109087e-11,3.546627339053e-10,-3.245041628144e-10,1.337175890687e-11,-7.528522621521e-10,7.662240210590e-10,-9.161068177484e-12,2.515964288690e-10,-2.607574970465e-10
1.350000000000e-01,3.460166808725e-11,4.612102569009e-10,-4.266085888137e-10,1.472109351238e-11,-9.812762302984e-10,9.959973238108e-10,-1.098027431502e-11,2.898347013263e-10,-3.008149756413e-10
1.400000000000e-01,3.912906339018e-11,5.952746715945e-10,-5.561456082043e-10,1.578636213085e-11,-1.268506210595e-09,1.284292572726e-09,-1.324393952131e-11,3.259043818639e-10,-3.391483213853e-10
1.450000000000e-01,4.359233959425e-11,7.627382913793e-10,-7.191459517850e-10,1.658038540722e-11,-1.626771014630e-09,1.643351400037e-09,-1.584594872382e-11,3.557703790410e-10,-3.716163277648e-10
1.500000000000e-01,4.809940054655e-11,9.704287134107e-10,-9.223293128642e-10,1.709128389752e-11,-2.070082429147e-09,2.087173713045e-09,-1.865658191693e-11,3.737435470999e-10,-3.924001290168e-10
1.550000000000e-01,5.228303873254e-11,1.226194586323e-09,-1.173911547591e-09,1.720637690779e-11,-2.614297277616e-09,2.631503654524e-09,-2.188522325412e-11,3.720656375499e-10,-3.939508608040e-10
1.600000000000e-01,5.604835685851e-11,1.538973538940e-09,-1.482925182082e-09,1.678742294081e-11,-3.277132771531e-09,3.293920194471e-09,-2.542094175566e-11,3.404351562502e-10,-3.658560980058e-10
1.650000000000e-01,5.931102253839e-11,1.918845248833e-09,-1.859534226295e-09,1.600809132925e-11,-4.078112603549e-09,4.094120694878e-09,-2.914613914146e-11,2.654811517312e-10,-2.946272908727e-10
1.700000000000e-01,6.145628295174e-11,2.377059994519e-09,-2.315603711567e-09,1.435665213716e-11,-5.038417935708e-09,5.052774587846e-09,-3.349680897241e-11,1.302034094323e-10,-1.637002184047e-10
1.750000000000e-01,6.258663621611e-11,2.926037887147e-09,-2.863451250931e-09,1.214388620918e-11,-6.180629298817e-09,6.192773185026e-09,-3.816472029367e-11,-8.660493699060e-11,4.844021669693e-11
1.800000000000e-01,6.275204589181e-11,3.579347522536e-09,-3.516595476644e-09,9.692010877558e-12,-7.528364235186e-09,7.538056246063e-09,-4.290018372789e-11,-4.109592365187e-10,3.680590527908e-10
1.850000000000e-01,6.136980526596e-11,4.351627345182e-09,-4.290257539916e-09,6.566821280065e-12,-9.105743896594e-09,9.112310717874e-09,-4.826506767063e-11,-8.742246338477e-10,8.259595661771e-10
1.900000000000e-01,5.889496010965e-11,5.258482628954e-09,-5.199587668844e-09,3.389787106858e-12,-1.093673519003e-08,1.094012497713e-08,-5.371286901771e-11,-1.513636200888e-09,1.459923331870e-09
1.950000000000e-01,5.518798640716e-11,6.316310787782e-09,-6.261122801375e-09,4.213725672828e-13,-1.304429627746e-08,1.304471765003e-08,-5.926921453818e-11,-2.372677674073e-09,2.313408459535e-09
2.000000000000e-01,5.025786153167e-11,7.542083939258e-09,-7.491826077727e-09,-2.143563908356e-12,-1.544936912267e-08,1.544722555876e-08,-6.498431465350e-11,-3.501340370010e-09,3.436356055357e-09
2.050000000000e-01,4.419434575430e-11,8.953069477533e-09,-8.908875131779e-09,-3.801041115894e-12,-1.816969662044e-08,1.816589557933e-08,-7.079262567254e-11,-4.956185481452e-09,4.885392855779e-09
2.100000000000e-01,3.703452668739e-11,1.056647849518e-08,-1.052944396849e-08,-4.079045231973e-12,-2.121846893560e-08,2.121438989037e-08,-7.658892926621e-11,-6.800145094672e-09,6.723556165406e-09
2.150000000000e-01,2.856522947892e-11,1.239904440838e-08,-1.237047917890e-08,-2.580312653366e-12,-2.460282569113e-08,2.460024537848e-08,-8.231767569157e-11,-9.102021492648e-09,9.019703816956e-09
2.200000000000e-01,1.828663493911e-11,1.446653831407e-08,-1.444825167913e-08,1.101910346243e-12,-2.832224727337e-08,2.832334918372e-08,-8.790710373977e-11,-1.193565540386e-08,1.184774830012e-08
2.250000000000e-01,5.006349905704e-12,1.678321327260e-08,-1.677820692270e-08,7.398594462704e-12,-3.236686662274e-08,3.237426521720e-08,-9.322588279339e-11,-1.537870775262e-08,1.528548186983e-08
2.300000000000e-01,-1.350047017044e-11,1.936117086834e-08,-1.937467133851e-08,1.615148890803e-11,-3.671574967429e-08,3.673190116320e-08,-9.838078180337e-11,-1.951100689803e-08,1.941262611623e-08
2.350000000000e-01,-4.080683974599e-11,2.220965819632e-08,-2.225046503606e-08,2.705469009148e-11,-4.133521361571e-08,4.136226830580e-08,-1.032696561873e-10,-2.441245460830e-08,2.430918495211e-08
2.400000000000e-01,-8.256230161802e-11,2.533432052204e-08,-2.541688282365e-08,3.960940576292e-11,-4.617725885753e-08,4.621686826329e-08,-1.076111817802e-10,-3.016054150036e-08,3.005293031858e-08
2.450000000000e-01,-1.471444303325e-10,2.873637090798e-08,-2.888351533831e-08,5.253424998615e-11,-5.117818274711e-08,5.123071699710e-08,-1.112830816086e-10,-3.682738435105e-08,3.671610126945e-08
2.500000000000e-01,-2.477054213889e-10,3.241174194452e-08,-3.265944736591e-08,6.306637437935e-11,-5.625747664272e-08,5.632054301710e-08,-1.147681172362e-10,-4.447646511415e-08,4.436169699691e-08
2.550000000000e-01,-4.006137861698e-10,3.635017820143e-08,-3.675079198760e-08,6.842209034918e-11,-6.131708875433e-08,6.138551084468e-08,-1.172999478124e-10,-5.315900515332e-08,5.304170520551e-08
2.600000000000e-01,-6.313224916586e-10,4.053432864261e-08,-4.116565113427e-08,6.303700884817e-11,-6.624114874304e-08,6.630418575189e-08,-1.202731323784e-10,-6.291017970717e-08,6.278990657479e-08
2.650000000000e-01,-9.698167733666e-10,4.493883811311e-08,-4.590865488648e-08,4.179073865310e-11,-7.089623594373e-08,7.093802668238e-08,-1.223266041030e-10,-7.374524214131e-08,7.362291553721e-08
2.700000000000e-01,-1.456911888811e-09,4.952946022907e-08,-5.098637211789e-08,-2.908203997974e-12,-7.513227345390e-08,7.512936524990e-08,-1.232127950654e-10,-8.565568688129e-08,8.553247408623e-08
2.750000000000e-01,-2.145873060401e-09,5.426222801964e-08,-5.640810108004e-08,-8.136007341208e-11,-7.878411220713e-08,7.870275213371e-08,-1.236379300601e-10,-9.860562734926e-08,9.848198941920e-08
2.800000000000e-01,-3.101942238388e-09,5.908271935452e-08,-6.218466159291e-08,-2.050362283615e-10,-8.167384371988e-08,8.146880749152e-08,-1.234752460448e-10,-1.125285777781e-07,1.124051025320e-07
2.850000000000e-01,-4.404931038922e-09,6.392545037407e-08,-6.833038141299e-08,-3.888041515034e-10,-8.361386453892e-08,8.322506038742e-08,-1.234150775967e-10,-1.273247977866e-07,1.272013827090e-07
2.900000000000e-01,-6.148910965837e-09,6.871344072203e-08,-7.486235168787e-08,-6.470937494210e-10,-8.441069277911e-08,8.376359902969e-08,-1.223370358321e-10,-1.428593607060e-07,1.427370236702e-07
2.950000000000e-01,-8.444683770007e-09,7.335800447513e-08,-8.180268824514e-08,-9.981735464251e-10,-8.386949683236e-08,8.287132328593e-08,-1.207443454821e-10,-1.589611277653e-07,1.588403834198e-07
3.000000000000e-01,-1.141735038532e-08,7.775881930618e-08,-8.917616969150e-08,-1.460531579239e-09,-8.179925779981e-08,8.033872622057e-08,-1.187612502177e-10,-1.754227894244e-07,1.753040281742e-07
3.050000000000e-01,-1.520346385151e-08,8.180432536117e-08,-9.700778921268e-08,-2.053496427952e-09,-7.801846672474e-08,7.596497029679e-08,-1.160679479516e-10,-1.920020742013e-07,1.918860062534e-07
3.100000000000e-01,-1.994642158378e-08,8.537250946753e-08,-1.053189310513e-07,-2.795593298514e-09,-7.236122724300e-08,6.956563394449e-08,-1.134862020709e-10,-2.084241932728e-07,2.083107070707e-07
3.150000000000e-01,-2.578630231007e-08,8.833212808058e-08,-1.141184303906e-07,-3.702420840666e-09,-6.468359013108e-08,6.098116929041e-08,-1.105857925523e-10,-2.243855742364e-07,2.242749884438e-07
3.200000000000e-01,-3.284862344029e-08,9.054441309934e-08,-1.233930365396e-07,-4.785292071583e-09,-5.486991499203e-08,5.008462292044e-08,-1.082170367077e-10,-2.395588865385e-07,2.394506695018e-07
3.250000000000e-01,-4.122349481094e-08,9.186529589282e-08,-1.330887907038e-07,-6.047676669987e-09,-4.283905013390e-08,3.679137346392e-08,-1.066388852497e-10,-2.535992791344e-07,2.534926402492e-07
3.300000000000e-01,-5.093911876085e-08,9.214817303750e-08,-1.430872917984e-07,-7.481177458646e-09,-2.855010928572e-08,2.106893182708e-08,-1.057292705032e-10,-2.661517013306e-07,2.660459720601e-07
3.350000000000e-01,-6.192847952173e-08,9.124721716374e-08,-1.531756966855e-07,-9.062936009626e-09,-1.200760216254e-08,2.944666152915e-09,-1.067853349806e-10,-2.768591509784e-07,2.767523656435e-07
3.400000000000e-01,-7.398144769560e-08,8.902121299896e-08,-1.630026606946e-07,-1.074908990486e-08,6.734322778846e-09,-1.748341268371e-08,-1.104017358029e-10,-2.853716433821e-07,2.852612416463e-07
3.450000000000e-01,-8.668413523203e-08,8.533787473876e-08,-1.720220099708e-07,-1.246812464448e-08,2.756873142059e-08,-4.003685606507e-08,-1.164223089419e-10,-2.913556257543e-07,2.912392034453e-07
3.500000000000e-01,-9.934930477254e-08,8.007857131435e-08,-1.794278760869e-07,-1.411838713874e-08,5.033403588379e-08,-6.445242302253e-08,-1.264074246515e-10,-2.945035325525e-07,2.943771251279e-07
3.550000000000e-01,-1.109204371337e-07,7.314335129771e-08,-1.840637884314e-07,-1.555756158255e-08,7.481357193343e-08,-9.037113351599e-08,-1.404647594995e-10,-2.945431767401e-07,2.944027119806e-07
3.600000000000e-01,-1.198632797419e-07,6.445612489632e-08,-1.843194046382e-07,-1.659764178974e-08,1.007367454148e-07,-1.173343872045e-07,-1.582142518849e-10,-2.912466584472e-07,2.910884441953e-07
3.650000000000e-01,-1.240371642125e-07,5.396982591742e-08,-1.780069901300e-07,-1.699999062546e-08,1.277818005360e-07,-1.447817911615e-07,-1.791078106411e-10,-2.844384520211e-07,2.842593442105e-07
3.700000000000e-01,-1.205405975572e-07,4.167133790093e-08,-1.622119354581e-07,-1.647071955239e-08,1.555802067744e-07,-1.720509263267e-07,-2.024468931963e-10,-2.740023526302e-07,2.737999057370e-07
3.750000000000e-01,-1.055396838455e-07,2.758592548237e-08,-1.331256093279e-07,-1.465616728107e-08,1.837226188393e-07,-1.983787861204e-07,-2.248641311629e-10,-2.598870122768e-07,2.596621481456e-07
3.800000000000e-01,-7.407337981013e-08,1.178086450675e-08,-8.585424431688e-08,-1.114341890573e-08,2.117663019409e-07,-2.229097208466e-07,-2.402946317297e-10,-2.421098330690e-07,2.418695384373e-07
3.850000000000e-01,-1.984575555895e-08,-5.632096144700e-09,-1.421365941425e-08,-5.467754964690e-09,2.392438365571e-07,-2.447115915218e-07,-2.417646063793e-10,-2.207590198046e-07,2.205172551982e-07
3.900000000000e-01,6.499746990955e-08,-2.449589747741e-08,8.949336738696e-08,2.882335690721e-09,2.656728653055e-07,-2.627905296147e-07,-2.169505370412e-10,-1.959936605296e-07,1.957767099926e-07
3.950000000000e-01,1.900959112813e-07,-4.460955068387e-08,2.347054619651e-07,1.444618645765e-08,2.905666128667e-07,-2.761204264091e-07,-1.487955041219e-10,-1.680417875740e-07,1.678929920698e-07
4.000000000000e-01,3.670924896536e-07,-6.573253577886e-08,4.328250254325e-07,2.976840566271e-08,3.134448710407e-07,-2.836764653780e-07,-1.402341918856e-11,-1.371964399422e-07,1.371824165231e-07
4.050000000000e-01,6.098292024640e-07,-8.759334838993e-08,6.974225508539e-07,4.936461063440e-08,3.338450997457e-07,-2.844804891113e-07,2.173156307849e-10,-1.038098077085e-07,1.040271233393e-07
4.100000000000e-01,9.345070534228e-07,-1.099038471427e-07,1.044410900566e-06,7.368094630302e-08,3.513332849587e-07,-2.776523386557e-07,5.859545148946e-10,-6.828561524593e-08,6.887156976082e-08
4.150000000000e-01,1.359769987457e-06,-1.323818484989e-07,1.492151835955e-06,1.030381187471e-07,3.655142089886e-07,-2.624760902415e-07,1.142243501013e-09,-3.106997646296e-08,3.221221996397e-08
4.200000000000e-01,1.906702249130e-06,-1.547854929075e-07,2.061487742037e-06,1.375683213433e-07,3.760408142785e-07,-2.384724929352e-07,1.949527995292e-09,7.358982551618e-09,-5.409454556326e-09
4.250000000000e-01,2.598682950709e-06,-1.769647470361e-07,2.775647697745e-06,1.771370770669e-07,3.826223168140e-07,-2.054852397471e-07,3.082915917578e-09,4.650242492611e-08,-4.341950900853e-08
4.300000000000e-01,3.461074219011e-06,-1.989373939095e-07,3.660011612920e-06,2.212614138122e-07,3.850308525725e-07,-1.637694387603e-07,4.632610801760e-09,8.585262795420e-08,-8.122001715244e-08
4.350000000000e-01,4.520676106532e-06,-2.210004846543e-07,4.741676591186e-06,2.690154105487e-07,3.831064010166e-07,-1.140909904679e-07,6.702633361884e-09,1.249049675362e-07,-1.182023341743e-07
4.400000000000e-01,5.804901586858e-06,-2.438918302744e-07,6.048793417133e-06,3.189327476346e-07,3.767598704492e-07,-5.782712281459e-08,9.408064570845e-09,1.631696419386e-07,-1.537615773677e-07
4.450000000000e-01,7.340609532374e-06,-2.690216126672e-07,7.609631145041e-06,3.689111584740e-07,3.659742418628e-07,2.936916611146e-09,1.287355750596e-08,2.001827551825e-07,-1.873091976765e-07
4.500000000000e-01,9.152521759842e-06,-2.988009486092e-07,9.451322708451e-06,4.161204518172e-07,3.508037520018e-07,6.531669981542e-08,1.722515685206e-08,2.355163938294e-07,-2.182912369774e-07
4.550000000000e-01,1.126116743785e-05,-3.371019637451e-07,1.159826940159e-05,4.569278132361e-07,3.313711701539e-07,1.255566430822e-07,2.258656218230e-08,2.687873661836e-07,-2.462008040013e-07
4.600000000000e-01,1.368025553746e-05,-3.898926350155e-07,1.407014817248e-05,4.868381752068e-07,3.078632798640e-07,1.789748953427e-07,2.905938971011e-08,2.996643267054e-07,-2.706049369953e-07
4.650000000000e-01,1.641343802613e-05,-4.661005125369e-07,1.687953853866e-05,5.004758429175e-07,2.805247248808e-07,2.199511180367e-07,3.671366825559e-08,3.278730739261e-07,-2.911594056705e-07
4.700000000000e-01,1.945035770786e-05,-5.787712977218e-07,2.002912900558e-05,4.915974812524e-07,2.496504352006e-07,2.419470460518e-07,4.555631191931e-08,3.531998787870e-07,-3.076435668677e-07
4.750000000000e-01,2.276195183210e-05,-7.465990343016e-07,2.350855086640e-05,4.531719340090e-07,2.155768895985e-07,2.375950444105e-07,5.551040323153e-08,3.754927748884e-07,-3.199823716569e-07
4.800000000000e-01,2.629493051379e-05,-9.959174982169e-07,2.729084801201e-05,3.775116284725e-07,1.786724723387e-07,1.988391561338e-07,6.636935984410e-08,3.946608229817e-07,-3.282914631376e-07
4.850000000000e-01,2.996542005927e-05,-1.363254203871e-06,3.132867426314e-05,2.564932424212e-07,1.393272440604e-07,1.171659983608e-07,7.775675211103e-08,4.106714403504e-07,-3.329146882394e-07
4.900000000000e-01,3.365173684687e-05,-1.898563248350e-06,3.555030009522e-05,8.185283658938e-08,9.794237790155e-08,-1.608954131217e-08,8.906464881217e-08,4.235459557679e-07,-3.344813069558e-07
4.950000000000e-01,3.718632680678e-05,-2.669254256320e-06,3.985558106310e-05,-1.544152842212e-07,5.491960385724e-08,-2.093348880784e-07,9.939425569844e-08,4.333536150175e-07,-3.339593593191e-07
5.000000000000e-01,4.034689377599e-05,-3.765155356121e-06,4.411204913211e-05,-4.595709677466e-07,1.065089005061e-08,-4.702218577972e-07,1.074736661862e-07,4.402043141161e-07,-3.327306479299e-07
5.050000000000e-01,4.284682467687e-05,-5.304555725886e-06,4.815138040276e-05,-8.395395136578e-07,-3.449136477265e-08,-8.050481488851e-07,1.115748129988e-07,4.442403720321e-07,-3.326655590333e-07
5.100000000000e-01,4.432503257598e-05,-7.441461533335e-06,5.176649410932e-05,-1.298230858593e-06,-8.016337301473e-08,-1.218067485578e-06,1.094179294104e-07,4.456276693388e-07,-3.362097399284e-07
5.150000000000e-01,4.433540023464e-05,-1.037419890520e-05,5.470959913984e-05,-1.836782736206e-06,-1.260580281313e-07,-1.710724708075e-06,9.806732236162e-08,4.445464750258e-07,-3.464791526642e-07
5.200000000000e-01,4.233607017402e-05,-1.435552616868e-05,5.669159634270e-05,-2.452740219978e-06,-1.719118327859e-07,-2.280828387193e-06,7.382515895497e-08,4.411822551581e-07,-3.673570962032e-07
5.250000000000e-01,3.767887805684e-05,-1.970438894605e-05,5.738326700289e-05,-3.139203739292e-06,-2.175105023768e-07,-2.921693236915e-06,3.212461755428e-08,4.357166980545e-07,-4.035920805002e-07
5.300000000000e-01,2.959928382820e-05,-2.681936351251e-05,5.641864734071e-05,-3.883980336891e-06,-2.626930724576e-07,-3.621287264433e-06,-3.257592488408e-08,4.283191042275e-07,-4.608950291116e-07
5.350000000000e-01,1.720723430336e-05,-3.619382473255e-05,5.340105903591e-05,-4.668783357351e-06,-3.073543988433e-07,-4.361428958507e-06,-1.268858442274e-07,4.191381767147e-07,-5.460240209421e-07
5.400000000000e-01,-5.205590393273e-07,-4.843290340503e-05,4.791234436570e-05,-5.468525961632e-06,-3.514459725280e-07,-5.117079989104e-06,-2.585525501351e-07,4.082940995299e-07,-6.668466496651e-07
5.450000000000e-01,-2.474639933587e-05,-6.427211259730e-05,3.952571326143e-05,-6.250781907786e-06,-3.949749549526e-07,-5.855806952833e-06,-4.365124450179e-07,3.958706037073e-07,-8.323830487253e-07
5.500000000000e-01,-5.677482794619e-05,-8.459725975709e-05,2.782243181090e-05,-6.975464038231e-06,-4.380013667266e-07,-6.537462671504e-06,-6.708938499495e-07,3.819064955014e-07,-1.052800345451e-06
5.550000000000e-01,-9.805268642446e-05,-1.104652400131e-04,1.241255358860e-05,-7.594800781030e-06,-4.806334534225e-07,-7.114167327608e-06,-9.729762097116e-07,3.663858558845e-07,-1.339362065596e-06
5.600000000000e-01,-1.501653446269e-04,-1.431252655382e-04,-7.040079088677e-06,-8.053672262853e-06,-5.230213189809e-07,-7.530650943872e-06,-1.355079379005e-06,3.492257962574e-07,-1.704305175262e-06
5.650000000000e-01,-2.148284474147e-04,-1.840395822970e-04,-3.078886511778e-05,-8.290382877417e-06,-5.653489374947e-07,-7.725033939922e-06,-1.830382195549e-06,3.302602640555e-07,-2.160642459604e-06
5.700000000000e-01,-2.938745270937e-04,-2.349022594422e-04,-5.897226765153e-05,-8.237923082435e-06,-6.078247279241e-07,-7.630098354511e-06,-2.412648674987e-06,3.092179352741e-07,-2.721866610261e-06
5.750000000000e-01,-3.892338699988e-04,-2.976546703968e-04,-9.157919960204e-05,-7.825777231506e-06,-6.506710256896e-07,-7.175106205816e-06,-3.115853869795e-06,2.856916848427e-07,-3.401545554637e-06
5.800000000000e-01,-5.029090984721e-04,-3.744961580181e-04,-1.284129404540e-04,-6.982308705194e-06,-6.941129093574e-07,-6.288195795837e-06,-3.953698092435e-06,2.590964504127e-07,-4.212794542848e-06
5.850000000000e-01,-6.369430165006e-04,-4.678875999110e-04,-1.690554165896e-04,-5.637743788398e-06,-7.383668844725e-07,-4.899376903926e-06,-4.939008198720e-06,2.286115026987e-07,-5.167619701418e-06
5.900000000000e-01,-7.933793936006e-04,-5.805451691503e-04,-2.128342244503e-04,-3.727737407790e-06,-7.836300036932e-07,-2.944107404097e-06,-6.083017189341e-06,1.931022182411e-07,-6.276119407582e-06
5.950000000000e-01,-9.742165262267e-04,-7.154219192623e-04,-2.587946069644e-04,-1.197488043138e-06,-8.300701596836e-07,-3.674178834546e-07,-7.394534679413e-06,1.510153302947e-07,-7.545550009707e-06
6.000000000000e-01,-1.181353596612e-03,-8.756748390695e-04,-3.056787575424e-04,1.993675179472e-06,-8.778183832316e-07,2.871493562704e-06,-8.879012594968e-06,1.002402153233e-07,-8.979252810292e-06
6.050000000000e-01,-1.416530087084e-03,-1.064614423773e-03,-3.519156633113e-04,5.867336775347e-06,-9.269639073467e-07,6.794300682694e-06,-1.053753936244e-05,3.792719771296e-08,-1.057546656015e-05
6.100000000000e-01,-1.681258732144e-03,-1.285633957103e-03,-3.956247750407e-04,1.042082372912e-05,-9.775526880685e-07,1.139837641719e-05,-1.236578241057e-05,-3.974779127634e-08,-1.232603461929e-05
6.150000000000e-01,-1.976752797017e-03,-1.542116718403e-03,-4.346360786148e-04,1.562199620632e-05,-1.029590100465e-06,1.665158630679e-05,-1.435293842062e-05,-1.378849625406e-07,-1.421505345808e-05
6.200000000000e-01,-2.303848729741e-03,-1.837319952849e-03,-4.665287768917e-04,2.140423081752e-05,-1.083048441513e-06,2.248727925903e-05,-1.648073734161e-05,-2.632443366141e-07,-1.621749300500e-05
6.250000000000e-01,-2.662925573581e-03,-2.174234652046e-03,-4.886909215347e-04,2.766184219119e-05,-1.137879517983e-06,2.879972170917e-05,-1.872258857212e-05,-4.247293673379e-07,-1.829785920478e-05
6.300000000000e-01,-3.053822795302e-03,-2.555421354351e-03,-4.984014409502e-04,3.424623615416e-05,-1.194032270774e-06,3.544026842494e-05,-2.104294303528e-05,-6.339906548140e-07,-2.040895238047e-05
6.350000000000e-01,-3.475758521405e-03,-2.982824104766e-03,-4.929344166396e-04,4.096308817859e-05,-1.251475244618e-06,4.221456342320e-05,-2.339698677576e-05,-9.061731686399e-07,-2.249081360712e-05
6.400000000000e-01,-3.927250431922e-03,-3.457566197682e-03,-4.696842342404e-04,4.757086476756e-05,-1.310223435793e-06,4.888108820336e-05,-2.573077904997e-05,-1.260835016632e-06,-2.446994403334e-05
6.450000000000e-01,-4.406041813301e-03,-3.979732479195e-03,-4.263093341063e-04,5.378100046252e-05,-1.370368474294e-06,5.515136893681e-05,-2.798195507432e-05,-1.723068157434e-06,-2.625888691689e-05
6.500000000000e-01,-4.909035505383e-03,-4.548144898320e-03,-3.608906070623e-04,5.926001442272e-05,-1.432110689242e-06,6.069212511196e-05,-3.008114513900e-05,-2.324851788206e-06,-2.775629335079e-05
6.550000000000e-01,-5.432238591693e-03,-5.160140295067e-03,-2.720982966255e-04,6.363383953947e-05,-1.495791555774e-06,6.512963109524e-05,-3.195423449860e-05,-3.106673180998e-06,-2.884756131760e-05
6.600000000000e-01,-5.970720804687e-03,-5.811361028980e-03,-1.593597757067e-04,6.649456455769e-05,-1.561924876622e-06,6.805648943431e-05,-3.352561556938e-05,-4.119457133008e-06,-2.940615843637e-05
6.650000000000e-01,-6.518589590430e-03,-6.495570062740e-03,-2.301952769030e-05,6.740974784926e-05,-1.631224663158e-06,6.904097251242e-05,-3.472254771528e-05,-5.426842668129e-06,-2.929570504715e-05
6.700000000000e-01,-7.068984722392e-03,-7.204503296719e-03,1.355185743270e-04,6.593434807650e-05,-1.704627678887e-06,6.763897575539e-05,-3.548075977499e-05,-7.107837979014e-06,-2.837292179598e-05
6.750000000000e-01,-7.614095129520e-03,-7.927772908341e-03,3.136777788209e-04,6.162525577547e-05,-1.783309146855e-06,6.340856492233e-05,-3.575136076240e-05,-9.259888181690e-06,-2.649147258071e-05
6.800000000000e-01,-8.145200356488e-03,-8.652835297287e-03,5.076349407994e-04,5.405826039352e-05,-1.868690609904e-06,5.592695100342e-05,-3.550913415784e-05,-1.200239699920e-05,-2.350673715864e-05
6.850000000000e-01,-8.652738629671e-03,-9.365036021996e-03,7.122973923247e-04,4.284719128695e-05,-1.962439244693e-06,4.480963053164e-05,-3.476221254516e-05,-1.548072453520e-05,-1.928148800996e-05
6.900000000000e-01,-9.126403024158e-03,-1.004774248437e-02,9.213394602140e-04,2.766482443896e-05,-2.066458781018e-06,2.973128321998e-05,-3.356309444891e-05,-1.987065608074e-05,-1.369243836818e-05
6.950000000000e-01,-9.555266586175e-03,-1.068257281768e-02,1.127306231501e-03,8.265022318692e-06,-2.182873585193e-06,1.044789590389e-05,-3.202088988890e-05,-2.538333308825e-05,-6.637556800651e-06
7.000000000000e-01,-9.927936560030e-03,-1.124972620721e-02,1.321789647183e-03,-1.549455705308e-05,-2.314009253287e-06,-1.318054779979e-05,-3.031460744243e-05,-3.227069043450e-05,1.956082992069e-06
7.050000000000e-01,-1.023273707531e-02,-1.172841429599e-02,1.495677220677e-03,-4.362998445817e-05,-2.462372787212e-06,-4.116761167096e-05,-2.870722899506e-05,-4.083121436333e-05,1.212398536827e-05
7.100000000000e-01,-1.045791873704e-02,-1.209739045154e-02,1.639471714499e-03,-7.600968730376e-05,-2.630639932833e-06,-7.337904737093e-05,-2.756018952256e-05,-5.141612404466e-05,2.385593452210e-05
7.150000000000e-01,-1.059189269058e-02,-1.233556604879e-02,1.743673358214e-03,-1.123351855799e-04,-2.821655858615e-06,-1.095135297213e-04,-2.734783825276e-05,-6.443564891619e-05,3.708781066343e-05
7.200000000000e-01,-1.062348574070e-02,-1.242269930801e-02,1.799213567312e-03,-1.521249652791e-04,-3.038460235852e-06,-1.490865050433e-04,-2.867132885302e-05,-8.036542011344e-05,5.169409126042e-05
7.250000000000e-01,-1.054221216814e-02,-1.234013548324e-02,1.797923315098e-03,-1.947025479389e-04,-3.284347890914e-06,-1.914182000480e-04,-3.227130165929e-05,-9.975270698336e-05,6.748140532407e-05
7.300000000000e-01,-1.033855698647e-02,-1.207157250586e-02,1.733015519395e-03,-2.391898210564e-04,-3.562978318693e-06,-2.356268427377e-04,-3.903866773573e-05,-1.232221808348e-04,8.418351309907e-05
7.350000000000e-01,-1.000426449451e-02,-1.160382219936e-02,1.599557704849e-03,-2.845066038609e-04,-3.878549560823e-06,-2.806280543000e-04,-5.002268983406e-05,-1.514809109180e-04,1.014582210840e-04
7.400000000000e-01,-9.532625266458e-03,-1.092753412170e-02,1.394908855237e-03,-3.293773487015e-04,-4.236054091901e-06,-3.251412946096e-04,-6.643555397575e-05,-1.853222958668e-04,1.188867418911e-04
7.450000000000e-01,-8.918754076651e-03,-1.003784728715e-02,1.119093210496e-03,-3.723457143634e-04,-4.641635326756e-06,-3.677040790367e-04,-8.965256974622e-05,-2.256284589633e-04,1.359758892171e-04
7.500000000000e-01,-8.159850802493e-03,-8.934935194231e-03,7.750843917381e-04,-4.117975412307e-04,-5.103063925186e-06,-4.066944773055e-04,-1.212071433156e-04,-2.733705239361e-04,1.521633806205e-04
7.550000000000e-01,-7.255436106320e-03,-7.624411819870e-03,3.689757135500e-04,-4.459925376252e-04,-5.630354851857e-06,-4.403621827734e-04,-1.627797193203e-04,-3.296062868979e-04,1.668265675775e-04
7.600000000000e-01,-6.207553635203e-03,-6.117570153433e-03,-8.998348176999e-05,-4.731046784115e-04,-6.236548137103e-06,-4.668681302744e-04,-2.161799397997e-04,-3.954748317906e-04,1.792948919909e-04
7.650000000000e-01,-5.020930703970e-03,-4.431430407996e-03,-5.895002959739e-04,-4.912710186758e-04,-6.938675244329e-06,-4.843323434315e-04,-2.833213992265e-04,-4.721874345846e-04,1.888660353580e-04
7.700000000000e-01,-3.703089877122e-03,-2.588582498724e-03,-1.114507378398e-03,-4.986482734120e-04,-7.758930613200e-06,-4.908893427988e-04,-3.661885239129e-04,-5.610140446506e-04,1.948255207377e-04
7.750000000000e-01,-2.264404595623e-03,-6.168163391578e-04,-1.647588256465e-03,-4.934761600572e-04,-8.726069175701e-06,-4.847500908815e-04,-4.667953023843e-04,-6.632648728293e-04,1.964695704451e-04
7.800000000000e-01,-7.180930037447e-04,1.451456838836e-03,-2.169549842581e-03,-4.741461489202e-04,-9.877052608644e-06,-4.642690963116e-04,-5.871358485969e-04,-7.802667390815e-04,1.931308904846e-04
7.850000000000e-01,9.198546450067e-04,3.579979063999e-03,-2.660124418993e-03,-4.392739087156e-04,-1.125896127622e-05,-4.280149474393e-04,-7.291270400486e-04,-9.133336780239e-04,1.842066379753e-04
7.900000000000e-01,2.630818106590e-03,5.729593106985e-03,-3.098775000395e-03,-3.877734241039e-04,-1.293118057764e-05,-3.748422435262e-04,-8.945438071849e-04,-1.063731387641e-03,1.691875804557e-04
7.950000000000e-01,4.393760220804e-03,7.859330538849e-03,-3.465570318045e-03,-3.189304754591e-04,-1.496787161490e-05,-3.039626038442e-04,-1.084947975897e-03,-1.232635552465e-03,1.476875765685e-04
8.000000000000e-01,6.185510481214e-03,9.927600223493e-03,-3.742089742279e-03,-2.324729551570e-04,-1.746073806779e-05,-2.150122170892e-04,-1.301611934426e-03,-1.421084335071e-03,1.194724006446e-04
8.050000000000e-01,7.981116667022e-03,1.189343126981e-02,-3.912314602791e-03,-1.286353347285e-04,-2.052208487011e-05,-1.081132498583e-04,-1.545438748146e-03,-1.629925285826e-03,8.448653768034e-05
8.100000000000e-01,9.754260026484e-03,1.371772066750e-02,-3.963460641011e-03,-8.214521966717e-06,-2.428814511980e-05,1.607362315308e-05,-1.816880699364e-03,-1.859757189082e-03,4.287648971763e-05
8.150000000000e-01,1.147772742330e-02,1.536443440122e-02,-3.886706977915e-03,1.273856235771e-04,-2.892265017816e-05,1.563082737553e-04,-2.115858563245e-03,-2.110867953341e-03,-4.990609903430e-06
8.200000000000e-01,1.312393183484e-02,1.680171203952e-02,-3.677780204682e-03,2.761237315016e-04,-3.462065239573e-05,3.107443838973e-04,-2.441684224725e-03,-2.383170324296e-03,-5.851390042870e-05
8.250000000000e-01,1.466547070530e-02,1.800282945864e-02,-3.337358753339e-03,4.353067215178e-04,-4.161245800484e-05,4.769191795226e-04,-2.792989453930e-03,-2.676136137975e-03,-1.168533159543e-04
8.300000000000e-01,1.607570991556e-02,1.894697958013e-02,-2.871269664571e-03,6.015940170339e-04,-5.016772301315e-05,6.517617400470e-04,-3.167663851606e-03,-2.988732346594e-03,-1.789315050124e-04
8.350000000000e-01,1.732937970868e-02,1.961984061802e-02,-2.290460909342e-03,7.710218110616e-04,-6.059948439535e-05,8.316212954569e-04,-3.562805026615e-03,-3.319359963040e-03,-2.434450635758e-04
8.400000000000e-01,1.840316775152e-02,2.001391019030e-02,-1.610742438783e-03,9.390484921425e-04,-7.326813128017e-05,1.012316623423e-03,-3.974684054404e-03,-3.665799508538e-03,-3.088845458659e-04
8.450000000000e-01,1.927629377603e-02,2.012859531141e-02,-8.523015353808e-04,1.100621730892e-03,-8.858513850635e-05,1.189206869398e-03,-4.398729124946e-03,-4.025165350057e-03,-3.735637748887e-04
8.500000000000e-01,1.993104989946e-02,1.997005943149e-02,-3.900953202432e-05,1.250267057032e-03,-1.070163635525e-04,1.357283420585e-03,-4.829530030912e-03,-4.393871768961e-03,-4.356582619512e-04
8.550000000000e-01,2.035329083709e-02,1.955083860687e-02,8.024522302220e-04,1.382197023323e-03,-1.290847302989e-04,1.511281753622e-03,-5.260865781820e-03,-4.767613878713e-03,-4.932519031071e-04
8.600000000000e-01,2.053285886237e-02,1.888924904582e-02,1.643609816542e-03,1.490439326266e-03,-1.553721292217e-04,1.645811455487e-03,-5.685757099028e-03,-5.141366383732e-03,-5.443907152954e-04
8.650000000000e-01,2.046392942111e-02,1.800861713452e-02,2.455312286593e-03,1.568981478252e-03,-1.865202630096e-04,1.755501741262e-03,-6.096544967901e-03,-5.509402641692e-03,-5.871423262092e-04
8.700000000000e-01,2.014526493573e-02,1.693636987786e-02,3.208895057866e-03,1.611928938321e-03,-2.232301053396e-04,1.835159043660e-03,-6.484995654986e-03,-5.865336144387e-03,-6.196595105990e-04
8.750000000000e-01,1.958036632556e-02,1.570302821138e-02,3.877338114177e-03,1.613672914074e-03,-2.662597101991e-04,1.879932624273e-03,-6.842431820467e-03,-6.202186271807e-03,-6.402455486597e-04
8.800000000000e-01,1.877751425375e-02,1.434114795380e-02,4.436366299945e-03,1.569063481713e-03,-3.164201366089e-04,1.885483618322e-03,-7.159888454696e-03,-6.512469475533e-03,-6.474189791632e-04
8.850000000000e-01,1.774969491268e-02,1.288425324773e-02,4.865441664946e-03,1.473583196934e-03,-3.745691321587e-04,1.848152329093e-03,-7.428291440685e-03,-6.788315991174e-03,-6.399754495105e-04
8.900000000000e-01,1.651440825445e-02,1.136580503456e-02,5.148603219895e-03,1.323516025233e-03,-4.416021815400e-04,1.765118206773e-03,-7.638655614059e-03,-7.021611305723e-03,-6.170443083360e-04
8.950000000000e-01,1.509335985984e-02,9.818242714866e-03,5.275117144970e-03,1.116106225963e-03,-5.184406763742e-04,1.634546902337e-03,-7.782298287191e-03,-7.204160845734e-03,-5.781374414576e-04
9.000000000000e-01,1.351204105694e-02,8.272131267664e-03,5.239909789281e-03,8.497018182705e-04,-6.060170385624e-04,1.455718856833e-03,-7.851063326859e-03,-7.327875283404e-03,-5.231880434557e-04
9.050000000000e-01,1.179920527774e-02,6.755439161067e-03,5.043766116669e-03,5.238774139489e-04,-7.052565176250e-04,1.229133931574e-03,-7.837550137722e-03,-7.384972588674e-03,-4.525775490482e-04
9.100000000000e-01,9.986251928660e-03,5.292964602060e-03,4.693287326600e-03,1.395315376273e-04,-8.170554114234e-04,9.565869490507e-04,-7.735341266741e-03,-7.368191981852e-03,-3.671492848888e-04
9.150000000000e-01,8.106532108226e-03,3.905919548640e-03,4.200612559586e-03,-3.010459037071e-04,-9.422557239668e-04,6.412098202596e-04,-7.539221890336e-03,-7.271014226758e-03,-2.682076635781e-04
9.200000000000e-01,6.194593231916e-03,2.611673133375e-03,3.582920098541e-03,-7.941396513773e-04,-1.081616420469e-03,2.874767690914e-04,-7.245384181428e-03,-7.087881903793e-03,-1.575022776353e-04
9.250000000000e-01,4.285381908855e-03,1.423649113617e-03,2.861732795238e-03,-1.334611411165e-03,-1.235781366004e-03,-9.883004516127e-05,-6.851609522884e-03,-6.814412520127e-03,-3.719700275647e-05
9.300000000000e-01,2.413426188947e-03,3.513657575796e-04,2.062060431367e-03,-1.915940251500e-03,-1.405244152386e-03,-5.106960991141e-04,-6.357421730766e-03,-6.447596983320e-03,9.017525255434e-05
9.350000000000e-01,6.120194575701e-04,-5.993985395587e-04,1.211417997129e-03,-2.530301777507e-03,-1.590310392464e-03,-9.399913850432e-04,-5.764204916154e-03,-5.985976050981e-03,2.217711348263e-04
9.400000000000e-01,-1.087571251177e-03,-1.426334272724e-03,3.387630215465e-04,-3.168685611184e-03,-1.791058261915e-03,-1.377627349269e-03,-5.075280325465e-03,-5.429787552798e-03,3.545072273330e-04
9.450000000000e-01,-2.656849930160e-03,-2.130246998963e-03,-5.266029311965e-04,-3.821049482551e-03,-2.007298020273e-03,-1.813751462277e-03,-4.295937441224e-03,-4.781077520270e-03,4.851400790459e-04
9.500000000000e-01,-4.070767604729e-03,-2.714644109275e-03,-1.356123495455e-03,-4.476507058571e-03,-2.238531412952e-03,-2.237975645619e-03,-3.433415827479e-03,-4.043769197144e-03,6.103533696653e-04
9.550000000000e-01,-5.308309628925e-03,-3.185285409945e-03,-2.123024218980e-03,-5.123545461367e-03,-2.483912234886e-03,-2.639633226480e-03,-2.496835564644e-03,-3.223685151449e-03,7.268495868047e-04
9.600000000000e-01,-6.352976518927e-03,-3.549719418248e-03,-2.803257100679e-03,-5.750267372814e-03,-2.742209739699e-03,-3.008057633115e-03,-1.497075652476e-03,-2.328519211482e-03,8.314435590057e-04
9.650000000000e-01,-7.193143512585e-03,-3.816824548833e-03,-3.376318963752e-03,-6.344651690070e-03,-3.011775658732e-03,-3.332876031338e-03,-4.466014165577e-04,-1.367755877159e-03,9.211544606014e-04
9.700000000000e-01,-7.822287466544e-03,-3.996372195975e-03,-3.825915270569e-03,-6.894825920072e-03,-3.290517327109e-03,-3.604308592963e-03,6.407563765881e-04,-3.525376398209e-04,9.932940164091e-04
9.750000000000e-01,-8.239073635442e-03,-4.098624640976e-03,-4.140448994467e-03,-7.389342945586e-03,-3.575877671464e-03,-3.813465274122e-03,1.750066277075e-03,7.045186397755e-04,1.045547637300e-03
9.800000000000e-01,-8.447299041363e-03,-4.133977980908e-03,-4.313321060455e-03,-7.817454439909e-03,-3.864824441336e-03,-3.952629998573e-03,2.865598772963e-03,1.789552282271e-03,1.076046490692e-03
9.850000000000e-01,-8.455693581544e-03,-4.112656415810e-03,-4.343037165734e-03,-8.169373129899e-03,-4.153849958996e-03,-4.015523170904e-03,3.971159260909e-03,2.887731105577e-03,1.083428155332e-03
9.900000000000e-01,-8.277584407341e-03,-4.044461153632e-03,-4.233123253710e-03,-8.436516240253e-03,-4.438982785848e-03,-3.997533454405e-03,5.050442598726e-03,3.983558529700e-03,1.066884069026e-03
9.950000000000e-01,-7.930433462492e-03,-3.938574436565e-03,-3.991859025927e-03,-8.611722883686e-03,-4.715812699650e-03,-3.895910184036e-03,6.087399427740e-03,5.061206948757e-03,1.026192478982e-03
1.000000000000e+00,-7.435262108709e-03,-3.803416790196e-03,-3.631845318512e-03,-8.689438813070e-03,-4.979530089846e-03,-3.709908723225e-03,7.066603747861e-03,6.104867711999e-03,9.617360358617e-04
1.005000000000e+00,-6.815980434644e-03,-3.646553595175e-03,-3.169426839469e-03,-8.665862851532e-03,-5.224980314684e-03,-3.440882536848e-03,7.973610845797e-03,7.099107383010e-03,8.745034627865e-04
1.010000000000e+00,-6.098641948684e-03,-3.474645688416e-03,-2.623996260268e-03,-8.539050389626e-03,-5.446733173639e-03,-3.092317215986e-03,8.795294706865e-03,8.029219521791e-03,7.660751850738e-04
1.015000000000e+00,-5.310646850532e-03,-3.293437873993e-03,-2.017208976539e-03,-8.308970635963e-03,-5.639167355394e-03,-2.669803280569e-03,9.520154401555e-03,8.881561127800e-03,6.385932737551e-04
1.020000000000e+00,-4.479918759161e-03,-3.107778852500e-03,-1.372139906661e-03,-7.977515656443e-03,-5.796569363312e-03,-2.180946293131e-03,1.013857976173e-02,9.643863193391e-03,4.947165683408e-04
1.025000000000e+00,-3.634080725674e-03,-2.921665616066e-03,-7.124151096081e-04,-7.548460754068e-03,-5.913245035848e-03,-1.635215718220e-03,1.064306777025e-02,1.030550615249e-02,3.375616177591e-04
1.030000000000e+00,-2.799656341781e-03,-2.738306233884e-03,-6.135010789655e-05,-7.027377202004e-03,-5.983642511175e-03,-1.043734690830e-03,1.102838262808e-02,1.085775140049e-02,1.706312275874e-04
1.035000000000e+00,-2.001320986629e-03,-2.560194777442e-03,5.588737908134e-04,-6.421499855640e-03,-6.002483516630e-03,-4.190163390103e-04,1.129165420043e-02,1.129392245473e-02,-2.268254292096e-06
1.040000000000e+00,-1.261226505897e-03,-2.389193423817e-03,1.127966917920e-03,-5.739553552047e-03,-5.964900591499e-03,2.253470394524e-04,1.143241158767e-02,1.160953031097e-02,-1.771187233052e-04
1.045000000000e+00,-5.984201663502e-04,-2.226617163881e-03,1.628196997531e-03,-4.991543489736e-03,-5.866576574443e-03,8.750330847067e-04,1.145255072196e-02,1.180234000978e-02,-3.497892878206e-04
1.050000000000e+00,-2.837550200672e-05,-2.073317459689e-03,2.044941957682e-03,-4.188515897368e-03,-5.703882503356e-03,1.515366605989e-03,1.135623712312e-02,1.187237735338e-02,-5.161402302578e-04
1.055000000000e+00,4.373511703278e-04,-1.929762083862e-03,2.367113254190e-03,-3.342296189409e-03,-5.474009926149e-03,2.131713736740e-03,1.114974718517e-02,1.182187668171e-02,-6.721294965448e-04
1.060000000000e+00,7.913291079451e-04,-1.796109140310e-03,2.587438248255e-03,-2.465212446344e-03,-5.175093443499e-03,2.709880997155e-03,1.084125349825e-02,1.165517260137e-02,-8.139191031196e-04
1.065000000000e+00,1.030321551118e-03,-1.672273876366e-03,2.702595427484e-03,-1.569812461603e-03,-4.806319134017e-03,3.236506672414e-03,1.044056163329e-02,1.137854048599e-02,-9.379788527016e-04
1.070000000000e+00,1.155214196253e-03,-1.557987500271e-03,2.713201696525e-03,-6.685826802439e-04,-4.368014665404e-03,3.699431985160e-03,9.958807497466e-03,1.099999214958e-02,-1.041184652109e-03
1.075000000000e+00,1.170808571042e-03,-1.452847793350e-03,2.623656364391e-03,2.263228334897e-04,-3.861717327843e-03,4.088040161333e-03,9.408125714626e-03,1.052903429748e-02,-1.120908582859e-03
1.080000000000e+00,1.085489755643e-03,-1.356361695987e-03,2.441851451630e-03,1.103335708388e-03,-3.290216663805e-03,4.393552372194e-03,8.801300391294e-03,9.976398331010e-03,-1.175097939717e-03
1.085000000000e+00,9.107822276902e-04,-1.267980260519e-03,2.178762488209e-03,1.951701912289e-03,-2.657568837543e-03,4.609270749832e-03,8.151410163469e-03,9.353750783411e-03,-1.202340619941e-03
1.090000000000e+00,6.608113516042e-04,-1.187126571059e-03,1.847937922663e-03,2.761679726594e-03,-1.969080644337e-03,4.730760370931e-03,7.471479432166e-03,8.673393891691e-03,-1.201914459525e-03
1.095000000000e+00,3.516911999385e-04,-1.113217430258e-03,1.464908630197e-03,3.524702195308e-03,-1.231262041879e-03,4.755964237187e-03,6.774147287558e-03,7.947965585305e-03,-1.173818297747e-03
1.100000000000e+00,8.617509836572e-07,-1.045679669613e-03,1.046541420597e-03,4.233500502082e-03,-4.517470211621e-04,4.685247523244e-03,6.071364736652e-03,7.190147705029e-03,-1.118782968377e-03
1.105000000000e+00,-3.735999640471e-04,-9.839618713226e-04,6.103619072755e-04,4.882186115425e-03,3.608164848787e-04,4.521369630546e-03,5.374129570255e-03,6.412390581049e-03,-1.038261010794e-03
1.110000000000e+00,-7.536695728427e-04,-9.275422617334e-04,1.738726888907e-04,5.466291001391e-03,1.196905922732e-03,4.269385078659e-03,4.692266562882e-03,5.626661063191e-03,-9.343945003092e-04
1.115000000000e+00,-1.122041077226e-03,-8.759335498182e-04,-2.461075274078e-04,5.982766628222e-03,2.046289822831e-03,3.936476805391e-03,4.034258760856e-03,4.844219782331e-03,-8.099610214748e-04
1.120000000000e+00,-1.462744918771e-03,-8.286854055642e-04,-6.340595132063e-04,6.429943875970e-03,2.898216108336e-03,3.531727767634e-03,3.407133493814e-03,4.075432064923e-03,-6.682985711097e-04
1.125000000000e+00,-1.761696877108e-03,-7.853851152411e-04,-9.763117618668e-04,6.807457215745e-03,3.741618498529e-03,3.065838717217e-03,2.816404496186e-03,3.329615578556e-03,-5.132110823706e-04
1.130000000000e+00,-2.007159167784e-03,-7.456568667384e-04,-1.261502301046e-03,7.116137625360e-03,4.565335781061e-03,2.550801844299e-03,2.266069257888e-03,2.614926344162e-03,-3.488570862742e-04
1.135000000000e+00,-2.190098651455e-03,-7.091601031789e-04,-1.480938548277e-03,7.357879620388e-03,5.358338084674e-03,1.999541535714e-03,1.758658585355e-03,1.938283283733e-03,-1.796246983775e-04
1.140000000000e+00,-2.304431207661e-03,-6.755873024142e-04,-1.628843905246e-03,7.535488439178e-03,6.109953945058e-03,1.425534494120e-03,1.295333330310e-03,1.305330195724e-03,-9.996865414306e-06
1.145000000000e+00,-2.347145771924e-03,-6.446613999787e-04,-1.702484371946e-03,7.652513853131e-03,6.810091922582e-03,8.424219305490e-04,8.760215525749e-04,7.204329994651e-04,1.555885531098e-04
1.150000000000e+00,-2.318306233476e-03,-6.161330157569e-04,-1.702173217719e-03,7.713077229642e-03,7.449450605035e-03,2.636266246065e-04,4.995879881762e-04,1.867091322566e-04,3.128788559197e-04
1.155000000000e+00,-2.220934088891e-03,-5.897776605500e-04,-1.631156428341e-03,7.721698373459e-03,8.019711034316e-03,-2.980126608575e-04,1.640267097983e-04,-2.939148457458e-04,4.579415555441e-04
1.160000000000e+00,-2.060779274551e-03,-5.653930550896e-04,-1.495386219461e-03,7.683128325133e-03,8.513706113586e-03,-8.305777884528e-04,-1.333326736604e-04,-7.206219176025e-04,5.872892439422e-04
1.165000000000e+00,-1.845990792569e-03,-5.427965939662e-04,-1.303194198603e-03,7.602193722358e-03,8.925562349029e-03,-1.323368626671e-03,-3.956150279366e-04,-1.093604270465e-03,6.979892425289e-04
1.170000000000e+00,-1.586702460024e-03,-5.218229649137e-04,-1.064879495110e-03,7.483657526622e-03,9.250810140369e-03,-1.767152613746e-03,-6.261953395050e-04,-1.413948797294e-03,7.877534577892e-04
1.175000000000e+00,-1.294552110118e-03,-5.023219795277e-04,-7.922301305899e-04,7.332100018355e-03,9.486459742960e-03,-2.154359724605e-03,-8.285086107768e-04,-1.683513288805e-03,8.550046780279e-04
1.180000000000e+00,-9.821548997706e-04,-4.841566562711e-04,-4.979982434995e-04,7.151822865633e-03,9.631041119896e-03,-2.479218254263e-03,-1.005881516869e-03,-1.904797925781e-03,8.989164089122e-04
1.185000000000e+00,-6.625527803953e-04,-4.672015231329e-04,-1.953512572624e-04,6.946777986718e-03,9.684607131276e-03,-2.737829144558e-03,-1.161391844328e-03,-2.080816233903e-03,9.194243895753e-04
1.190000000000e+00,-3.486627513504e-04,-4.513411047254e-04,1.026783533749e-04,6.720521736363e-03,9.648700646542e-03,-2.928178910179e-03,-1.297760091479e-03,-2.214969186661e-03,9.172090951815e-04
1.195000000000e+00,-5.274610927392e-05,-4.364686171893e-04,3.837225079154e-04,6.476193882757e-03,9.526287188382e-03,-3.050093305625e-03,-1.417275727065e-03,-2.310925656689e-03,8.936499296242e-04
1.200000000000e+00,2.140803181499e-04,-4.224848907865e-04,6.365652089364e-04,6.216519752213e-03,9.321655747502e-03,-3.105135995288e-03,-1.521758788921e-03,-2.372511812993e-03,8.507530240728e-04
1.205000000000e+00,4.422721020537e-04,-4.092974774217e-04,8.515695794754e-04,5.943833039509e-03,9.040291399913e-03,-3.096458360404e-03,-1.612555612863e-03,-2.403611375750e-03,7.910557628869e-04
1.210000000000e+00,6.242082401617e-04,-3.968199031464e-04,1.021028143308e-03,5.660115992295e-03,8.688724112743e-03,-3.028608120448e-03,-1.690565849010e-03,-2.408078040131e-03,7.175121911211e-04
1.215000000000e+00,7.544527006369e-04,-3.849710852061e-04,1.139423785843e-03,5.367053109214e-03,8.274358632261e-03,-2.907305523047e-03,-1.756296401014e-03,-2.389660877370e-03,6.333644763559e-04
1.220000000000e+00,8.299177756680e-04,-3.736749313372e-04,1.203592707005e-03,5.066094109199e-03,7.805290748633e-03,-2.739196639434e-03,-1.809936781771e-03,-2.351942999041e-03,5.420062172705e-04
1.225000000000e+00,8.499247737029e-04,-3.628600789999e-04,1.212784852703e-03,4.758521768616e-03,7.290115509644e-03,-2.531593741028e-03,-1.851449514702e-03,-2.298293247618e-03,4.468437329158e-04
1.230000000000e+00,8.161619020167e-04,-3.524597342709e-04,1.168621636288e-03,4.445520262043e-03,6.737732952464e-03,-2.292212690420e-03,-1.880668766577e-03,-2.231830297232e-03,3.511615306545e-04
1.235000000000e+00,7.325434699971e-04,-3.424116262886e-04,1.074955096286e-03,4.128239908551e-03,6.157156661098e-03,-2.028916752546e-03,-1.897400310294e-03,-2.155398307550e-03,2.579979972557e-04
1.240000000000e+00,6.049785754390e-04,-3.326580901100e-04,9.376366655490e-04,3.807854638705e-03,5.557330101269e-03,-1.749475462564e-03,-1.901516250524e-03,-2.071553043225e-03,1.700367927011e-04
1.245000000000e+00,4.410611024131e-04,-3.231462318666e-04,7.642073342797e-04,3.485609121227e-03,4.946955248948e-03,-1.461346127721e-03,-1.893038577972e-03,-1.982557153207e-03,8.951857523464e-05
1.250000000000e+00,2.496959075920e-04,-3.138281310741e-04,5.635240386662e-04,3.162853168781e-03,4.334337391503e-03,-1.171484222722e-03,-1.872206621443e-03,-1.890383222653e-03,1.817660120991e-05
1.255000000000e+00,4.067851988218e-05,-3.046610818407e-04,3.453396017228e-04,2.841061883383e-03,3.727249193240e-03,-8.861873098574e-04,-1.839524656003e-03,-1.796723240833e-03,-4.280141516951e-05
1.260000000000e+00,-1.757526997062e-04,-2.956079256643e-04,1.198552259581e-04,2.521840817110e-03,3.132816267804e-03,-6.109754506944e-04,-1.795787329703e-03,-1.703003214771e-03,-9.278411493284e-05
1.265000000000e+00,-3.893721488285e-04,-2.866372840620e-04,-1.027348647665e-04,2.206916306620e-03,2.557425997680e-03,-3.505096910598e-04,-1.742082007564e-03,-1.610401457810e-03,-1.316805497537e-04
1.270000000000e+00,-5.904106128515e-04,-2.777238778904e-04,-3.126867349611e-04,1.898111920793e-03,2.006660055556e-03,-1.085481347631e-04,-1.679768640547e-03,-1.519869608581e-03,-1.598990319655e-04
1.275000000000e+00,-7.699680735656e-04,-2.688486965722e-04,-5.011193769934e-04,1.597312720714e-03,1.485250848557e-03,1.120618721562e-04,-1.610439112322e-03,-1.432155090112e-03,-1.782840222093e-04
1.280000000000e+00,-9.203785210132e-04,-2.599992084657e-04,-6.603793125475e-04,1.306419641347e-03,9.970608590461e-04,3.093587823005e-04,-1.535859256977e-03,-1.347824334896e-03,-1.880349220811e-04
1.285000000000e+00,-1.035511997486e-03,-2.511693821747e-04,-7.843426153114e-04,1.027296800521e-03,5.450837609503e-04,4.822130395708e-04,-1.457897712066e-03,-1.267285778621e-03,-1.906119334455e-04
1.290000000000e+00,-1.111002080140e-03,-2.423597106442e-04,-8.686423694962e-04,7.617148499400e-04,1.314651375703e-04,6.302497123697e-04,-1.378446507297e-03,-1.190812237490e-03,-1.876342698070e-04
1.295000000000e+00,-1.144390487993e-03,-2.335770236672e-04,-9.108134643256e-04,5.112936598398e-04,-2.424592798839e-04,7.537529397237e-04,-1.299338656470e-03,-1.118561971086e-03,-1.807766853842e-04
1.300000000000e+00,-1.135184232581e-03,-2.248342404313e-04,-9.103499921497e-04,2.774475954107e-04,-5.761106872728e-04,8.535582826835e-04,-1.222268080747e-03,-1.050598264233e-03,-1.716698165141e-04
1.305000000000e+00,-1.084824680919e-03,-2.161499851205e-04,-8.686746957984e-04,6.133646095464e-05,-8.696023265167e-04,9.309387874714e-04,-1.148716944233e-03,-9.869072206442e-04,-1.618097235891e-04
1.310000000000e+00,-9.965717346182e-04,-2.075480475957e-04,-7.890236870225e-04,-1.361751457033e-04,-1.123665522418e-03,9.874903767151e-04,-1.079894880328e-03,-9.274136238386e-04,-1.524812564890e-04
1.315000000000e+00,-8.753100517472e-04,-1.990567194034e-04,-6.762533323439e-04,-3.145478239607e-04,-1.339569535950e-03,1.025021711990e-03,-1.016693787969e-03,-8.719948545779e-04,-1.446989333915e-04
1.320000000000e+00,-7.272875051741e-04,-1.907080392008e-04,-5.365794659733e-04,-4.735850249134e-04,-1.519038010509e-03,1.045452985595e-03,-9.596607912248e-04,-8.204929226615e-04,-1.391678685633e-04
1.325000000000e+00,-5.597989006348e-04,-1.825369368293e-04,-3.772619638054e-04,-6.134373526446e-04,-1.664164529216e-03,1.050727176572e-03,-9.089907967842e-04,-7.727246709689e-04,-1.362661258153e-04
1.330000000000e+00,-3.808301985597e-04,-1.745802718010e-04,-2.062499267587e-04,-7.345931929878e-04,-1.777329545039e-03,1.042736352051e-03,-8.645388416363e-04,-7.284902524882e-04,-1.360485891481e-04
1.335000000000e+00,-1.986799498989e-04,-1.668758137539e-04,-3.180413614500e-05,-8.378560921189e-04,-1.861120698812e-03,1.023264606693e-03,-8.258511914553e-04,-6.875800608453e-04,-1.382711306099e-04
1.340000000000e+00,-2.157530395957e-05,-1.594612142701e-04,1.378859103105e-04,-9.243098769725e-04,-1.918258203870e-03,9.939483268978e-04,-7.922129282153e-04,-6.497803091923e-04,-1.424326190230e-04
1.345000000000e+00,1.426999767437e-04,-1.523729734747e-04,2.950729502184e-04,-9.952732481605e-04,-1.951526569633e-03,9.562533214722e-04,-7.627089160920e-04,-6.148774062515e-04,-1.478315098405e-04
1.350000000000e+00,2.871490127791e-04,-1.456454078766e-04,4.327944206557e-04,-1.052246014350e-03,-1.963713591942e-03,9.114675775921e-04,-7.362941502066e-04,-5.826612794436e-04,-1.536328707630e-04
1.355000000000e+00,4.058619451207e-04,-1.393096722831e-04,5.451716174039e-04,-1.096849489069e-03,-1.957557259403e-03,8.607077703332e-04,-7.118689783719e-04,-5.529278382385e-04,-1.589411401334e-04
1.360000000000e+00,4.942599300224e-04,-1.333928863630e-04,6.276528163854e-04,-1.130763927423e-03,-1.935700911913e-03,8.049369844898e-04,-6.883545366517e-04,-5.254807576241e-04,-1.628737790276e-04
1.365000000000e+00,5.492730793761e-04,-1.279173677442e-04,6.771904471203e-04,-1.155665927803e-03,-1.900656652017e-03,7.449907242137e-04,-6.647637556105e-04,-5.001326963410e-04,-1.646310592695e-04
1.370000000000e+00,5.694455639901e-04,-1.228999722653e-04,6.923455362554e-04,-1.173168660035e-03,-1.854776769953e-03,6.816081099180e-04,-6.402636519547e-04,-4.767060502894e-04,-1.635576016653e-04
1.375000000000e+00,5.549645068694e-04,-1.183515829038e-04,6.733160897732e-04,-1.184767671512e-03,-1.800232795166e-03,6.154651236541e-04,-6.142252875412e-04,-4.550333728631e-04,-1.591919146781e-04
1.380000000000e+00,5.076129151335e-04,-1.142767831495e-04,6.218896982830e-04,-1.191794580453e-03,-1.739001625687e-03,5.472070452344e-04,-5.862585298657e-04,-4.349575753350e-04,-1.513009545307e-04
1.385000000000e+00,4.306501648725e-04,-1.106737004191e-04,5.413238652916e-04,-1.195380693602e-03,-1.672858015373e-03,4.774773217706e-04,-5.562299033798e-04,-4.163319552385e-04,-1.398979481413e-04
1.390000000000e+00,3.286270631709e-04,-1.075340014420e-04,4.361610646129e-04,-1.196431872142e-03,-1.603372623453e-03,4.069407513109e-04,-5.242627427749e-04,-3.990200874427e-04,-1.252426553322e-04
1.395000000000e+00,2.071451583883e-04,-1.048430595270e-04,3.119882179153e-04,-1.195615543320e-03,-1.531914840828e-03,3.362992975081e-04,-4.907201477401e-04,-3.828956456013e-04,-1.078245021388e-04
1.400000000000e+00,7.257251557013e-05,-1.025803072350e-04,1.751528228052e-04,-1.193360019794e-03,-1.459659596755e-03,2.662995769611e-04,-4.561722203654e-04,-3.678422081215e-04,-8.833001224386e-05
1.405000000000e+00,-6.827009043154e-05,-1.007197393847e-04,3.244964895314e-05,-1.189865730948e-03,-1.387597316482e-03,1.977315855342e-04,-4.213500886625e-04,-3.537530453850e-04,-6.759704327746e-05
1.410000000000e+00,-2.084375096446e-04,-9.923052853307e-05,-1.092069811115e-04,-1.185127370422e-03,-1.316546243820e-03,1.314188733981e-04,-3.870900236051e-04,-3.405308781901e-04,-4.655914541500e-05
1.415000000000e+00,-3.411875331650e-04,-9.807775343787e-05,-2.431097797271e-04,-1.178965432696e-03,-1.247166450483e-03,6.820101778693e-05,-3.542715004060e-04,-3.280876356028e-04,-2.618386480321e-05
1.420000000000e+00,-4.602920275813e-04,-9.722323706893e-05,-3.630687905124e-04,-1.171065157457e-03,-1.179974923378e-03,8.909765921675e-06,-3.237534063622e-04,-3.163442337881e-04,-7.409172574110e-06
1.425000000000e+00,-5.603176764192e-04,-9.662644640028e-05,-4.636912300189e-04,-1.161020631648e-03,-1.115361150241e-03,-4.565948140712e-05,-2.963126340613e-04,-3.052303480908e-04,8.917714029498e-06
1.430000000000e+00,-6.368638563000e-04,-9.624540667748e-05,-5.406184496225e-04,-1.148381538889e-03,-1.053602708730e-03,-9.477883015908e-05,-2.725891157600e-04,-2.946841498180e-04,2.209503405799e-05
1.435000000000e+00,-6.867472328070e-04,-9.603762353213e-05,-5.907096092749e-04,-1.132699993833e-03,-9.948804944821e-04,-1.378194993506e-04,-2.530407810854e-04,-2.846520214929e-04,3.161124040752e-05
1.440000000000e+00,-7.081254565556e-04,-9.596100611472e-05,-6.121644504409e-04,-1.113574941220e-03,-9.392933021841e-04,-1.742816390355e-04,-2.379113001014e-04,-2.750882628378e-04,3.717696273637e-05
1.445000000000e+00,-7.005553143387e-04,-9.597474499345e-05,-6.045805693453e-04,-1.090691882038e-03,-8.868715011399e-04,-2.038203808984e-04,-2.272126190512e-04,-2.659547562912e-04,3.874213724002e-05
1.450000000000e+00,-6.649837092011e-04,-9.604010242160e-05,-5.689436067795e-04,-1.063855849337e-03,-8.375896173156e-04,-2.262662320217e-04,-2.207231911488e-04,-2.572205636871e-04,3.649737253829e-05
