t,ricker,antiderivative
0.000000000000e+00,-9.692515861872e-04,-1.293079655095e-05
6.000000000000e-04,-1.011084292050e-03,-1.352481523096e-05
1.200000000000e-03,-1.054588334336e-03,-1.414443195626e-05
1.800000000000e-03,-1.099824237846e-03,-1.479066759165e-05
2.400000000000e-03,-1.146854441145e-03,-1.546457988855e-05
3.000000000000e-03,-1.195743345219e-03,-1.616726464777e-05
3.600000000000e-03,-1.246557362884e-03,-1.689985691179e-05
4.200000000000e-03,-1.299364968926e-03,-1.766353218682e-05
4.800000000000e-03,-1.354236750960e-03,-1.845950769527e-05
5.400000000000e-03,-1.411245461010e-03,-1.928904365880e-05
6.000000000000e-03,-1.470466067770e-03,-2.015344461269e-05
6.600000000000e-03,-1.531975809554e-03,-2.105406075164e-05
7.200000000000e-03,-1.595854247910e-03,-2.199228930762e-05
7.800000000000e-03,-1.662183321877e-03,-2.296957596004e-05
8.400000000000e-03,-1.731047402861e-03,-2.398741627869e-05
9.000000000000e-03,-1.802533350124e-03,-2.504735719977e-05
9.600000000000e-03,-1.876730566846e-03,-2.615099853539e-05
1.020000000000e-02,-1.953731056744e-03,-2.729999451690e-05
1.080000000000e-02,-2.033629481218e-03,-2.849605537230e-05
1.140000000000e-02,-2.116523216997e-03,-2.974094893814e-05
1.200000000000e-02,-2.202512414258e-03,-3.103650230611e-05
1.260000000000e-02,-2.291700055174e-03,-3.238460350470e-05
1.320000000000e-02,-2.384192012870e-03,-3.378720321601e-05
1.380000000000e-02,-2.480097110745e-03,-3.524631652812e-05
1.440000000000e-02,-2.579527182122e-03,-3.676402472314e-05
1.500000000000e-02,-2.682597130184e-03,-3.834247710114e-05
1.560000000000e-02,-2.789424988156e-03,-3.998389284007e-05
1.620000000000e-02,-2.900131979686e-03,-4.169056289196e-05
1.680000000000e-02,-3.014842579386e-03,-4.346485191525e-05
1.740000000000e-02,-3.133684573464e-03,-4.530920024362e-05
1.800000000000e-02,-3.256789120422e-03,-4.722612589110e-05
1.860000000000e-02,-3.384290811743e-03,-4.921822659371e-05
1.920000000000e-02,-3.516327732526e-03,-5.128818188739e-05
1.980000000000e-02,-3.653041521996e-03,-5.343875522238e-05
2.040000000000e-02,-3.794577433842e-03,-5.567279611376e-05
2.100000000000e-02,-3.941084396312e-03,-5.799324232822e-05
2.160000000000e-02,-4.092715071994e-03,-6.040312210669e-05
2.220000000000e-02,-4.249625917219e-03,-6.290555642283e-05
2.280000000000e-02,-4.411977241016e-03,-6.550376127699e-05
2.340000000000e-02,-4.579933263541e-03,-6.820105002534e-05
2.400000000000e-02,-4.753662173898e-03,-7.100083574396e-05
2.460000000000e-02,-4.933336187280e-03,-7.390663362740e-05
2.520000000000e-02,-5.119131601345e-03,-7.692206342125e-05
2.580000000000e-02,-5.311228851736e-03,-8.005085188833e-05
2.640000000000e-02,-5.509812566657e-03,-8.329683530793e-05
2.700000000000e-02,-5.715071620425e-03,-8.666396200743e-05
2.760000000000e-02,-5.927199185884e-03,-9.015629492578e-05
2.820000000000e-02,-6.146392785599e-03,-9.377801420801e-05
2.880000000000e-02,-6.372854341722e-03,-9.753341983013e-05
2.940000000000e-02,-6.606790224427e-03,-1.014269342534e-04
3.000000000000e-02,-6.848411298815e-03,-1.054631051075e-04
3.060000000000e-02,-7.097932970167e-03,-1.096466079008e-04
3.120000000000e-02,-7.355575227440e-03,-1.139822487581e-04
3.180000000000e-02,-7.621562684896e-03,-1.184749671827e-04
3.240000000000e-02,-7.896124621729e-03,-1.231298388445e-04
3.300000000000e-02,-8.179495019591e-03,-1.279520783894e-04
3.360000000000e-02,-8.471912597874e-03,-1.329470422722e-04
3.420000000000e-02,-8.773620846629e-03,-1.381202316089e-04
3.480000000000e-02,-9.084868056993e-03,-1.434772950483e-04
3.540000000000e-02,-9.405907348990e-03,-1.490240316613e-04
3.600000000000e-02,-9.736996696566e-03,-1.547663938457e-04
3.660000000000e-02,-1.007839894973e-02,-1.607104902456e-04
3.720000000000e-02,-1.043038185364e-02,-1.668625886828e-04
3.780000000000e-02,-1.079321806454e-02,-1.732291190986e-04
3.840000000000e-02,-1.116718516229e-02,-1.798166765047e-04
3.900000000000e-02,-1.155256565953e-02,-1.866320239403e-04
3.960000000000e-02,-1.194964700708e-02,-1.936820954333e-04
4.020000000000e-02,-1.235872159565e-02,-2.009739989641e-04
4.080000000000e-02,-1.278008675361e-02,-2.085150194291e-04
4.140000000000e-02,-1.321404474056e-02,-2.163126216014e-04
4.200000000000e-02,-1.366090273675e-02,-2.243744530869e-04
4.260000000000e-02,-1.412097282803e-02,-2.327083472720e-04
4.320000000000e-02,-1.459457198620e-02,-2.413223262615e-04
4.380000000000e-02,-1.508202204462e-02,-2.502246038032e-04
4.440000000000e-02,-1.558364966889e-02,-2.594235881962e-04
4.500000000000e-02,-1.609978632247e-02,-2.689278851800e-04
4.560000000000e-02,-1.663076822697e-02,-2.787463008019e-04
4.620000000000e-02,-1.717693631704e-02,-2.888878442584e-04
4.680000000000e-02,-1.773863618968e-02,-2.993617307082e-04
4.740000000000e-02,-1.831621804771e-02,-3.101773840528e-04
4.800000000000e-02,-1.891003663728e-02,-3.213444396819e-04
4.860000000000e-02,-1.952045117932e-02,-3.328727471787e-04
4.920000000000e-02,-2.014782529455e-02,-3.447723729829e-04
4.980000000000e-02,-2.079252692210e-02,-3.570536030064e-04
5.040000000000e-02,-2.145492823141e-02,-3.697269451982e-04
5.100000000000e-02,-2.213540552733e-02,-3.828031320545e-04
5.160000000000e-02,-2.283433914809e-02,-3.962931230698e-04
5.220000000000e-02,-2.355211335622e-02,-4.102081071243e-04
5.280000000000e-02,-2.428911622196e-02,-4.245595048042e-04
5.340000000000e-02,-2.504573949919e-02,-4.393589706493e-04
5.400000000000e-02,-2.582237849360e-02,-4.546183953240e-04
5.460000000000e-02,-2.661943192300e-02,-4.703499077069e-04
5.520000000000e-02,-2.743730176953e-02,-4.865658768943e-04
5.580000000000e-02,-2.827639312359e-02,-5.032789141122e-04
5.640000000000e-02,-2.913711401950e-02,-5.205018745325e-04
5.700000000000e-02,-3.001987526243e-02,-5.382478589877e-04
5.760000000000e-02,-3.092509024670e-02,-5.565302155796e-04
5.820000000000e-02,-3.185317476515e-02,-5.753625411759e-04
5.880000000000e-02,-3.280454680952e-02,-5.947586827897e-04
5.940000000000e-02,-3.377962636154e-02,-6.147327388370e-04
6.000000000000e-02,-3.477883517477e-02,-6.352990602655e-04
6.060000000000e-02,-3.580259654688e-02,-6.564722515498e-04
6.120000000000e-02,-3.685133508238e-02,-6.782671715474e-04
6.180000000000e-02,-3.792547644551e-02,-7.006989342088e-04
6.240000000000e-02,-3.902544710334e-02,-7.237829091374e-04
6.300000000000e-02,-4.015167405874e-02,-7.475347219906e-04
6.360000000000e-02,-4.130458457333e-02,-7.719702547199e-04
6.420000000000e-02,-4.248460588014e-02,-7.971056456392e-04
6.480000000000e-02,-4.369216488597e-02,-8.229572893201e-04
6.540000000000e-02,-4.492768786322e-02,-8.495418363030e-04
6.600000000000e-02,-4.619160013132e-02,-8.768761926226e-04
6.660000000000e-02,-4.748432572746e-02,-9.049775191370e-04
6.720000000000e-02,-4.880628706669e-02,-9.338632306573e-04
6.780000000000e-02,-5.015790459121e-02,-9.635509948697e-04
6.840000000000e-02,-5.153959640893e-02,-9.940587310435e-04
6.900000000000e-02,-5.295177792114e-02,-1.025404608520e-03
6.960000000000e-02,-5.439486143930e-02,-1.057607044973e-03
7.020000000000e-02,-5.586925579090e-02,-1.090684704440e-03
7.080000000000e-02,-5.737536591444e-02,-1.124656495105e-03
7.140000000000e-02,-5.891359244338e-02,-1.159541566850e-03
7.200000000000e-02,-6.048433127928e-02,-1.195359308533e-03
7.260000000000e-02,-6.208797315391e-02,-1.232129345030e-03
7.320000000000e-02,-6.372490318055e-02,-1.269871533989e-03
7.380000000000e-02,-6.539550039438e-02,-1.308605962328e-03
7.440000000000e-02,-6.710013728218e-02,-1.348352942444e-03
7.500000000000e-02,-6.883917930116e-02,-1.389133008143e-03
7.560000000000e-02,-7.061298438730e-02,-1.430966910272e-03
7.620000000000e-02,-7.242190245300e-02,-1.473875612060e-03
7.680000000000e-02,-7.426627487439e-02,-1.517880284147e-03
7.740000000000e-02,-7.614643396825e-02,-1.563002299308e-03
7.800000000000e-02,-7.806270245881e-02,-1.609263226856e-03
7.860000000000e-02,-8.001539293445e-02,-1.656684826727e-03
7.920000000000e-02,-8.200480729459e-02,-1.705289043229e-03
7.980000000000e-02,-8.403123618690e-02,-1.755097998466e-03
8.040000000000e-02,-8.609495843498e-02,-1.806133985407e-03
8.100000000000e-02,-8.819624045685e-02,-1.858419460629e-03
8.160000000000e-02,-9.033533567437e-02,-1.911977036685e-03
8.220000000000e-02,-9.251248391388e-02,-1.966829474137e-03
8.280000000000e-02,-9.472791079834e-02,-2.022999673210e-03
8.340000000000e-02,-9.698182713127e-02,-2.080510665088e-03
8.400000000000e-02,-9.927442827272e-02,-2.139385602836e-03
8.460000000000e-02,-1.016058935077e-01,-2.199647751945e-03
8.520000000000e-02,-1.039763854072e-01,-2.261320480494e-03
8.580000000000e-02,-1.063860491827e-01,-2.324427248929e-03
8.640000000000e-02,-1.088350120335e-01,-2.388991599453e-03
8.700000000000e-02,-1.113233824886e-01,-2.455037145019e-03
8.760000000000e-02,-1.138512497424e-01,-2.522587557932e-03
8.820000000000e-02,-1.164186829854e-01,-2.591666558046e-03
8.880000000000e-02,-1.190257307296e-01,-2.662297900557e-03
8.940000000000e-02,-1.216724201306e-01,-2.734505363400e-03
9.000000000000e-02,-1.243587563042e-01,-2.808312734220e-03
9.060000000000e-02,-1.270847216412e-01,-2.883743796953e-03
9.120000000000e-02,-1.298502751187e-01,-2.960822317978e-03
9.180000000000e-02,-1.326553516088e-01,-3.039572031864e-03
9.240000000000e-02,-1.354998611862e-01,-3.120016626696e-03
9.300000000000e-02,-1.383836884341e-01,-3.202179728996e-03
9.360000000000e-02,-1.413066917504e-01,-3.286084888210e-03
9.420000000000e-02,-1.442687026531e-01,-3.371755560797e-03
9.480000000000e-02,-1.472695250868e-01,-3.459215093889e-03
9.540000000000e-02,-1.503089347310e-01,-3.548486708537e-03
9.600000000000e-02,-1.533866783097e-01,-3.639593482550e-03
9.660000000000e-02,-1.565024729045e-01,-3.732558332914e-03
9.720000000000e-02,-1.596560052712e-01,-3.827403997797e-03
9.780000000000e-02,-1.628469311596e-01,-3.924153018155e-03
9.840000000000e-02,-1.660748746401e-01,-4.022827718922e-03
9.900000000000e-02,-1.693394274342e-01,-4.123450189806e-03
9.960000000000e-02,-1.726401482528e-01,-4.226042265673e-03
1.002000000000e-01,-1.759765621416e-01,-4.330625506552e-03
1.008000000000e-01,-1.793481598340e-01,-4.437221177236e-03
1.014000000000e-01,-1.827543971144e-01,-4.545850226507e-03
1.020000000000e-01,-1.861946941895e-01,-4.656533265974e-03
1.026000000000e-01,-1.896684350721e-01,-4.769290548542e-03
1.032000000000e-01,-1.931749669753e-01,-4.884141946514e-03
1.038000000000e-01,-1.967135997197e-01,-5.001106929333e-03
1.044000000000e-01,-2.002836051540e-01,-5.120204540972e-03
1.050000000000e-01,-2.038842165894e-01,-5.241453376979e-03
1.056000000000e-01,-2.075146282500e-01,-5.364871561189e-03
1.062000000000e-01,-2.111739947387e-01,-5.490476722112e-03
1.068000000000e-01,-2.148614305205e-01,-5.618285969005e-03
1.074000000000e-01,-2.185760094237e-01,-5.748315867635e-03
1.080000000000e-01,-2.223167641602e-01,-5.880582415757e-03
1.086000000000e-01,-2.260826858661e-01,-6.015101018301e-03
1.092000000000e-01,-2.298727236623e-01,-6.151886462297e-03
1.098000000000e-01,-2.336857842380e-01,-6.290952891538e-03
1.104000000000e-01,-2.375207314566e-01,-6.432313781000e-03
1.110000000000e-01,-2.413763859859e-01,-6.575981911038e-03
1.116000000000e-01,-2.452515249523e-01,-6.721969341362e-03
1.122000000000e-01,-2.491448816222e-01,-6.870287384816e-03
1.128000000000e-01,-2.530551451086e-01,-7.020946580969e-03
1.134000000000e-01,-2.569809601074e-01,-7.173956669546e-03
1.140000000000e-01,-2.609209266607e-01,-7.329326563707e-03
1.146000000000e-01,-2.648735999510e-01,-7.487064323187e-03
1.152000000000e-01,-2.688374901260e-01,-7.647177127327e-03
1.158000000000e-01,-2.728110621551e-01,-7.809671248011e-03
1.164000000000e-01,-2.767927357179e-01,-7.974552022522e-03
1.170000000000e-01,-2.807808851277e-01,-8.141823826344e-03
1.176000000000e-01,-2.847738392880e-01,-8.311490045928e-03
1.182000000000e-01,-2.887698816861e-01,-8.483553051440e-03
1.188000000000e-01,-2.927672504217e-01,-8.658014169521e-03
1.194000000000e-01,-2.967641382737e-01,-8.834873656071e-03
1.200000000000e-01,-3.007586928049e-01,-9.014130669086e-03
1.206000000000e-01,-3.047490165059e-01,-9.195783241570e-03
1.212000000000e-01,-3.087331669785e-01,-9.379828254545e-03
1.218000000000e-01,-3.127091571606e-01,-9.566261410182e-03
1.224000000000e-01,-3.166749555919e-01,-9.755077205082e-03
1.230000000000e-01,-3.206284867226e-01,-9.946268903724e-03
1.236000000000e-01,-3.245676312643e-01,-1.013982851212e-02
1.242000000000e-01,-3.284902265860e-01,-1.033574675168e-02
1.248000000000e-01,-3.323940671535e-01,-1.053401303336e-02
1.254000000000e-01,-3.362769050143e-01,-1.073461543201e-02
1.260000000000e-01,-3.401364503291e-01,-1.093754066114e-02
1.266000000000e-01,-3.439703719485e-01,-1.114277404793e-02
1.272000000000e-01,-3.477762980381e-01,-1.135029950864e-02
1.278000000000e-01,-3.515518167500e-01,-1.156009952436e-02
1.284000000000e-01,-3.552944769433e-01,-1.177215511729e-02
1.290000000000e-01,-3.590017889529e-01,-1.198644582731e-02
1.296000000000e-01,-3.626712254069e-01,-1.220294968917e-02
1.302000000000e-01,-3.663002220943e-01,-1.242164321009e-02
1.308000000000e-01,-3.698861788816e-01,-1.264250134794e-02
1.314000000000e-01,-3.734264606801e-01,-1.286549748997e-02
1.320000000000e-01,-3.769183984630e-01,-1.309060343217e-02
1.326000000000e-01,-3.803592903337e-01,-1.331778935916e-02
1.332000000000e-01,-3.837464026441e-01,-1.354702382486e-02
1.338000000000e-01,-3.870769711644e-01,-1.377827373377e-02
1.344000000000e-01,-3.903482023033e-01,-1.401150432297e-02
1.350000000000e-01,-3.935572743796e-01,-1.424667914490e-02
1.356000000000e-01,-3.967013389443e-01,-1.448376005089e-02
1.362000000000e-01,-3.997775221537e-01,-1.472270717552e-02
1.368000000000e-01,-4.027829261934e-01,-1.496347892179e-02
1.374000000000e-01,-4.057146307522e-01,-1.520603194720e-02
1.380000000000e-01,-4.085696945467e-01,-1.545032115067e-02
1.386000000000e-01,-4.113451568960e-01,-1.569629966048e-02
1.392000000000e-01,-4.140380393453e-01,-1.594391882307e-02
1.398000000000e-01,-4.166453473393e-01,-1.619312819290e-02
1.404000000000e-01,-4.191640719435e-01,-1.644387552329e-02
1.410000000000e-01,-4.215911916147e-01,-1.669610675832e-02
1.416000000000e-01,-4.239236740176e-01,-1.694976602583e-02
1.422000000000e-01,-4.261584778895e-01,-1.720479563148e-02
1.428000000000e-01,-4.282925549501e-01,-1.746113605397e-02
1.434000000000e-01,-4.303228518573e-01,-1.771872594141e-02
1.440000000000e-01,-4.322463122069e-01,-1.797750210889e-02
1.446000000000e-01,-4.340598785763e-01,-1.823739953725e-02
1.452000000000e-01,-4.357604946100e-01,-1.849835137310e-02
1.458000000000e-01,-4.373451071476e-01,-1.876028893005e-02
1.464000000000e-01,-4.388106683908e-01,-1.902314169136e-02
1.470000000000e-01,-4.401541381111e-01,-1.928683731375e-02
1.476000000000e-01,-4.413724858940e-01,-1.955130163263e-02
1.482000000000e-01,-4.424626934208e-01,-1.981645866868e-02
1.488000000000e-01,-4.434217567854e-01,-2.008223063579e-02
1.494000000000e-01,-4.442466888444e-01,-2.034853795043e-02
1.500000000000e-01,-4.449345216002e-01,-2.061529924240e-02
1.506000000000e-01,-4.454823086146e-01,-2.088243136704e-02
1.512000000000e-01,-4.458871274514e-01,-2.114984941892e-02
1.518000000000e-01,-4.461460821467e-01,-2.141746674696e-02
1.524000000000e-01,-4.462563057044e-01,-2.168519497106e-02
1.530000000000e-01,-4.462149626164e-01,-2.195294400025e-02
1.536000000000e-01,-4.460192514041e-01,-2.222062205233e-02
1.542000000000e-01,-4.456664071802e-01,-2.248813567507e-02
1.548000000000e-01,-4.451537042291e-01,-2.275538976893e-02
1.554000000000e-01,-4.444784586027e-01,-2.302228761132e-02
1.560000000000e-01,-4.436380307306e-01,-2.328873088249e-02
1.566000000000e-01,-4.426298280422e-01,-2.355461969290e-02
1.572000000000e-01,-4.414513075984e-01,-2.381985261224e-02
1.578000000000e-01,-4.400999787309e-01,-2.408432669997e-02
1.584000000000e-01,-4.385734056860e-01,-2.434793753750e-02
1.590000000000e-01,-4.368692102722e-01,-2.461057926191e-02
1.596000000000e-01,-4.349850745079e-01,-2.487214460133e-02
1.602000000000e-01,-4.329187432665e-01,-2.513252491179e-02
1.608000000000e-01,-4.306680269178e-01,-2.539161021578e-02
1.614000000000e-01,-4.282308039624e-01,-2.564928924230e-02
1.620000000000e-01,-4.256050236562e-01,-2.590544946857e-02
1.626000000000e-01,-4.227887086231e-01,-2.615997716324e-02
1.632000000000e-01,-4.197799574534e-01,-2.641275743117e-02
1.638000000000e-01,-4.165769472841e-01,-2.666367425984e-02
1.644000000000e-01,-4.131779363602e-01,-2.691261056720e-02
1.650000000000e-01,-4.095812665726e-01,-2.715944825112e-02
1.656000000000e-01,-4.057853659712e-01,-2.740406824034e-02
1.662000000000e-01,-4.017887512499e-01,-2.764635054686e-02
1.668000000000e-01,-3.975900302005e-01,-2.788617431995e-02
1.674000000000e-01,-3.931879041336e-01,-2.812341790146e-02
1.680000000000e-01,-3.885811702627e-01,-2.835795888269e-02
1.686000000000e-01,-3.837687240497e-01,-2.858967416263e-02
1.692000000000e-01,-3.787495615082e-01,-2.881844000760e-02
1.698000000000e-01,-3.735227814628e-01,-2.904413211224e-02
1.704000000000e-01,-3.680875877604e-01,-2.926662566191e-02
1.710000000000e-01,-3.624432914319e-01,-2.948579539630e-02
1.716000000000e-01,-3.565893128005e-01,-2.970151567442e-02
1.722000000000e-01,-3.505251835355e-01,-2.991366054078e-02
1.728000000000e-01,-3.442505486462e-01,-3.012210379277e-02
1.734000000000e-01,-3.377651684164e-01,-3.032671904931e-02
1.740000000000e-01,-3.310689202739e-01,-3.052737982050e-02
1.746000000000e-01,-3.241618005947e-01,-3.072395957852e-02
1.752000000000e-01,-3.170439264373e-01,-3.091633182950e-02
1.758000000000e-01,-3.097155372060e-01,-3.110437018641e-02
1.764000000000e-01,-3.021769962403e-01,-3.128794844296e-02
1.770000000000e-01,-2.944287923267e-01,-3.146694064846e-02
1.776000000000e-01,-2.864715411323e-01,-3.164122118344e-02
1.782000000000e-01,-2.783059865566e-01,-3.181066483628e-02
1.788000000000e-01,-2.699330019990e-01,-3.197514688044e-02
1.794000000000e-01,-2.613535915408e-01,-3.213454315262e-02
1.800000000000e-01,-2.525688910377e-01,-3.228873013140e-02
1.806000000000e-01,-2.435801691224e-01,-3.243758501669e-02
1.812000000000e-01,-2.343888281141e-01,-3.258098580963e-02
1.818000000000e-01,-2.249964048326e-01,-3.271881139307e-02
1.824000000000e-01,-2.154045713164e-01,-3.285094161248e-02
1.830000000000e-01,-2.056151354406e-01,-3.297725735727e-02
1.836000000000e-01,-1.956300414354e-01,-3.309764064247e-02
1.842000000000e-01,-1.854513703010e-01,-3.321197469065e-02
1.848000000000e-01,-1.750813401191e-01,-3.332014401410e-02
1.854000000000e-01,-1.645223062577e-01,-3.342203449714e-02
1.860000000000e-01,-1.537767614694e-01,-3.351753347851e-02
1.866000000000e-01,-1.428473358804e-01,-3.360652983383e-02
1.872000000000e-01,-1.317367968694e-01,-3.368891405797e-02
1.878000000000e-01,-1.204480488353e-01,-3.376457834736e-02
1.884000000000e-01,-1.089841328523e-01,-3.383341668208e-02
1.890000000000e-01,-9.734822621175e-02,-3.389532490774e-02
1.896000000000e-01,-8.554364184871e-02,-3.395020081709e-02
1.902000000000e-01,-7.357382765420e-02,-3.399794423110e-02
1.908000000000e-01,-6.144236567084e-02,-3.403845707982e-02
1.914000000000e-01,-4.915297117199e-02,-3.407164348252e-02
1.920000000000e-01,-3.670949162382e-02,-3.409740982735e-02
1.926000000000e-01,-2.411590552984e-02,-3.411566485030e-02
1.932000000000e-01,-1.137632115765e-02,-3.412631971347e-02
1.938000000000e-01,1.505024852131e-03,-3.412928808251e-02
1.944000000000e-01,1.452376899497e-02,-3.412448620319e-02
1.950000000000e-01,2.767542252930e-02,-3.411183297702e-02
1.956000000000e-01,4.095537322096e-02,-3.409125003591e-02
1.962000000000e-01,5.435888720506e-02,-3.406266181570e-02
1.968000000000e-01,6.788111096448e-02,-3.402599562852e-02
1.974000000000e-01,8.151707342466e-02,-3.398118173403e-02
1.980000000000e-01,9.526168816391e-02,-3.392815340921e-02
1.986000000000e-01,1.091097557383e-01,-3.386684701693e-02
1.992000000000e-01,1.230559661203e-01,-3.379720207304e-02
1.998000000000e-01,1.370949012498e-01,-3.371916131193e-02
2.004000000000e-01,1.512210376971e-01,-3.363267075059e-02
2.010000000000e-01,1.654287494349e-01,-3.353767975097e-02
2.016000000000e-01,1.797123107197e-01,-3.343414108071e-02
2.022000000000e-01,1.940658990800e-01,-3.332201097207e-02
2.028000000000e-01,2.084835984091e-01,-3.320124917902e-02
2.034000000000e-01,2.229594021619e-01,-3.307181903251e-02
2.040000000000e-01,2.374872166531e-01,-3.293368749372e-02
2.046000000000e-01,2.520608644539e-01,-3.278682520533e-02
2.052000000000e-01,2.666740878869e-01,-3.263120654074e-02
2.058000000000e-01,2.813205526148e-01,-3.246680965112e-02
2.064000000000e-01,2.959938513218e-01,-3.229361651034e-02
2.070000000000e-01,3.106875074848e-01,-3.211161295761e-02
2.076000000000e-01,3.253949792312e-01,-3.192078873784e-02
2.082000000000e-01,3.401096632813e-01,-3.172113753969e-02
2.088000000000e-01,3.548248989719e-01,-3.151265703121e-02
2.094000000000e-01,3.695339723582e-01,-3.129534889306e-02
2.100000000000e-01,3.842301203911e-01,-3.106921884916e-02
2.106000000000e-01,3.989065351658e-01,-3.083427669497e-02
2.112000000000e-01,4.135563682399e-01,-3.059053632306e-02
2.118000000000e-01,4.281727350162e-01,-3.033801574613e-02
2.124000000000e-01,4.427487191875e-01,-3.007673711738e-02
2.130000000000e-01,4.572773772390e-01,-2.980672674818e-02
2.136000000000e-01,4.717517430062e-01,-2.952801512303e-02
2.142000000000e-01,4.861648322822e-01,-2.924063691178e-02
2.148000000000e-01,5.005096474726e-01,-2.894463097905e-02
2.154000000000e-01,5.147791822933e-01,-2.864004039086e-02
2.160000000000e-01,5.289664265069e-01,-2.832691241842e-02
2.166000000000e-01,5.430643706943e-01,-2.800529853909e-02
2.172000000000e-01,5.570660110566e-01,-2.767525443442e-02
2.178000000000e-01,5.709643542439e-01,-2.733683998536e-02
2.184000000000e-01,5.847524222064e-01,-2.699011926451e-02
2.190000000000e-01,5.984232570632e-01,-2.663516052550e-02
2.196000000000e-01,6.119699259854e-01,-2.627203618942e-02
2.202000000000e-01,6.253855260878e-01,-2.590082282831e-02
2.208000000000e-01,6.386631893260e-01,-2.552160114575e-02
2.214000000000e-01,6.517960873943e-01,-2.513445595446e-02
2.220000000000e-01,6.647774366183e-01,-2.473947615098e-02
2.226000000000e-01,6.776005028409e-01,-2.433675468748e-02
2.232000000000e-01,6.902586062937e-01,-2.392638854052e-02
2.238000000000e-01,7.027451264518e-01,-2.350847867701e-02
2.244000000000e-01,7.150535068666e-01,-2.308313001718e-02
2.250000000000e-01,7.271772599713e-01,-2.265045139472e-02
2.256000000000e-01,7.391099718567e-01,-2.221055551399e-02
2.262000000000e-01,7.508453070099e-01,-2.176355890440e-02
2.268000000000e-01,7.623770130147e-01,-2.130958187199e-02
2.274000000000e-01,7.736989252054e-01,-2.084874844816e-02
2.280000000000e-01,7.848049712741e-01,-2.038118633561e-02
2.286000000000e-01,7.956891758222e-01,-1.990702685161e-02
2.292000000000e-01,8.063456648560e-01,-1.942640486843e-02
2.298000000000e-01,8.167686702196e-01,-1.893945875125e-02
2.304000000000e-01,8.269525339607e-01,-1.844633029326e-02
2.310000000000e-01,8.368917126270e-01,-1.794716464830e-02
2.316000000000e-01,8.465807814869e-01,-1.744211026089e-02
2.322000000000e-01,8.560144386717e-01,-1.693131879370e-02
2.328000000000e-01,8.651875092344e-01,-1.641494505268e-02
2.334000000000e-01,8.740949491221e-01,-1.589314690965e-02
2.340000000000e-01,8.827318490568e-01,-1.536608522265e-02
2.346000000000e-01,8.910934383218e-01,-1.483392375387e-02
2.352000000000e-01,8.991750884498e-01,-1.429682908546e-02
2.358000000000e-01,9.069723168080e-01,-1.375497053308e-02
2.364000000000e-01,9.144807900789e-01,-1.320852005733e-02
2.370000000000e-01,9.216963276301e-01,-1.265765217317e-02
2.376000000000e-01,9.286149047731e-01,-1.210254385731e-02
2.382000000000e-01,9.352326559050e-01,-1.154337445372e-02
2.388000000000e-01,9.415458775325e-01,-1.098032557723e-02
2.394000000000e-01,9.475510311724e-01,-1.041358101540e-02
2.400000000000e-01,9.532447461282e-01,-9.843326628693e-03
2.406000000000e-01,9.586238221386e-01,-9.269750248986e-03
2.412000000000e-01,9.636852318954e-01,-8.693041576546e-03
2.418000000000e-01,9.684261234289e-01,-8.113392075540e-03
2.424000000000e-01,9.728438223571e-01,-7.530994868151e-03
2.430000000000e-01,9.769358339979e-01,-6.946044627381e-03
2.436000000000e-01,9.806998453414e-01,-6.358737468636e-03
2.442000000000e-01,9.841337268798e-01,-5.769270840167e-03
2.448000000000e-01,9.872355342945e-01,-5.177843412450e-03
2.454000000000e-01,9.900035099970e-01,-4.584654966610e-03
2.460000000000e-01,9.924360845230e-01,-3.989906281952e-03
2.466000000000e-01,9.945318777786e-01,-3.393799022706e-03
2.472000000000e-01,9.962897001360e-01,-2.796535624073e-03
2.478000000000e-01,9.977085533793e-01,-2.198319177647e-03
2.484000000000e-01,9.987876314975e-01,-1.599353316329e-03
2.490000000000e-01,9.995263213260e-01,-9.998420987973e-04
2.496000000000e-01,9.999242030341e-01,-3.999898936528e-04
2.502000000000e-01,9.999810504593e-01,1.999987366946e-04
2.508000000000e-01,9.996968312868e-01,7.999191522863e-04
2.514000000000e-01,9.990717070757e-01,1.399566751939e-03
2.520000000000e-01,9.981060331301e-01,1.998737089540e-03
2.526000000000e-01,9.968003582167e-01,2.597225990215e-03
2.532000000000e-01,9.951554241278e-01,3.194829666282e-03
2.538000000000e-01,9.931721650919e-01,3.791344832901e-03
2.544000000000e-01,9.908517070302e-01,4.386568823315e-03
2.550000000000e-01,9.881953666624e-01,4.980299703611e-03
2.556000000000e-01,9.852046504603e-01,5.572336386886e-03
2.562000000000e-01,9.818812534519e-01,6.162478746754e-03
2.568000000000e-01,9.782270578766e-01,6.750527730077e-03
2.574000000000e-01,9.742441316927e-01,7.336285468857e-03
2.580000000000e-01,9.699347269390e-01,7.919555391179e-03
2.586000000000e-01,9.653012779524e-01,8.500142331134e-03
2.592000000000e-01,9.603463994426e-01,9.077852637628e-03
2.598000000000e-01,9.550728844267e-01,9.652494281990e-03
2.604000000000e-01,9.494837020251e-01,1.022387696430e-02
2.610000000000e-01,9.435819951214e-01,1.079181221838e-02
2.616000000000e-01,9.373710778882e-01,1.135611351526e-02
2.622000000000e-01,9.308544331819e-01,1.191659636524e-02
2.628000000000e-01,9.240357098089e-01,1.247307841826e-02
2.634000000000e-01,9.169187196654e-01,1.302537956259e-02
2.640000000000e-01,9.095074347547e-01,1.357332202186e-02
2.646000000000e-01,9.018059840842e-01,1.411673045012e-02
2.652000000000e-01,8.938186504455e-01,1.465543202516e-02
2.658000000000e-01,8.855498670810e-01,1.518925653973e-02
2.664000000000e-01,8.770042142396e-01,1.571803649080e-02
2.670000000000e-01,8.681864156265e-01,1.624160716673e-02
2.676000000000e-01,8.591013347483e-01,1.675980673220e-02
2.682000000000e-01,8.497539711598e-01,1.727247631100e-02
2.688000000000e-01,8.401494566135e-01,1.777946006654e-02
2.694000000000e-01,8.302930511176e-01,1.828060527992e-02
2.700000000000e-01,8.201901389056e-01,1.877576242574e-02
2.706000000000e-01,8.098462243214e-01,1.926478524536e-02
2.712000000000e-01,7.992669276244e-01,1.974753081776e-02
2.718000000000e-01,7.884579807177e-01,2.022385962775e-02
2.724000000000e-01,7.774252228052e-01,2.069363563173e-02
2.730000000000e-01,7.661745959801e-01,2.115672632068e-02
2.736000000000e-01,7.547121407504e-01,2.161300278060e-02
2.742000000000e-01,7.430439915051e-01,2.206233975018e-02
2.748000000000e-01,7.311763719251e-01,2.250461567578e-02
2.754000000000e-01,7.191155903446e-01,2.293971276356e-02
2.760000000000e-01,7.068680350652e-01,2.336751702895e-02
2.766000000000e-01,6.944401696302e-01,2.378791834314e-02
2.772000000000e-01,6.818385280602e-01,2.420081047684e-02
2.778000000000e-01,6.690697100569e-01,2.460609114112e-02
2.784000000000e-01,6.561403761794e-01,2.500366202536e-02
2.790000000000e-01,6.430572429959e-01,2.539342883233e-02
2.796000000000e-01,6.298270782171e-01,2.577530131033e-02
2.802000000000e-01,6.164566958150e-01,2.614919328239e-02
2.808000000000e-01,6.029529511319e-01,2.651502267261e-02
2.814000000000e-01,5.893227359837e-01,2.687271152945e-02
2.820000000000e-01,5.755729737617e-01,2.722218604619e-02
2.826000000000e-01,5.617106145395e-01,2.756337657841e-02
2.832000000000e-01,5.477426301855e-01,2.789621765850e-02
2.838000000000e-01,5.336760094897e-01,2.822064800729e-02
2.844000000000e-01,5.195177533056e-01,2.853661054274e-02
2.850000000000e-01,5.052748697139e-01,2.884405238576e-02
2.856000000000e-01,4.909543692110e-01,2.914292486303e-02
2.862000000000e-01,4.765632599269e-01,2.943318350710e-02
2.868000000000e-01,4.621085428765e-01,2.971478805347e-02
2.874000000000e-01,4.475972072485e-01,2.998770243495e-02
2.880000000000e-01,4.330362257361e-01,3.025189477313e-02
2.886000000000e-01,4.184325499128e-01,3.050733736714e-02
2.892000000000e-01,4.037931056580e-01,3.075400667954e-02
2.898000000000e-01,3.891247886360e-01,3.099188331961e-02
2.904000000000e-01,3.744344598306e-01,3.122095202381e-02
2.910000000000e-01,3.597289411423e-01,3.144120163372e-02
2.916000000000e-01,3.450150110477e-01,3.165262507122e-02
2.922000000000e-01,3.302994003274e-01,3.185521931120e-02
2.928000000000e-01,3.155887878648e-01,3.204898535164e-02
2.934000000000e-01,3.008897965182e-01,3.223392818126e-02
2.940000000000e-01,2.862089890715e-01,3.241005674467e-02
2.946000000000e-01,2.715528642638e-01,3.257738390512e-02
2.952000000000e-01,2.569278529035e-01,3.273592640495e-02
2.958000000000e-01,2.423403140673e-01,3.288570482362e-02
2.964000000000e-01,2.277965313896e-01,3.302674353359e-02
2.970000000000e-01,2.133027094416e-01,3.315907065398e-02
2.976000000000e-01,1.988649702053e-01,3.328271800204e-02
2.982000000000e-01,1.844893496440e-01,3.339772104256e-02
2.988000000000e-01,1.701817943708e-01,3.350411883528e-02
2.994000000000e-01,1.559481584177e-01,3.360195398030e-02
3.000000000000e-01,1.417942001083e-01,3.369127256157e-02
3.006000000000e-01,1.277255790337e-01,3.377212408856e-02
3.012000000000e-01,1.137478531366e-01,3.384456143614e-02
3.018000000000e-01,9.986647590146e-02,3.390864078277e-02
3.024000000000e-01,8.608679365566e-02,3.396442154696e-02
3.030000000000e-01,7.241404298088e-02,3.401196632222e-02
3.036000000000e-01,5.885334823685e-02,3.405134081048e-02
3.042000000000e-01,4.540971919844e-02,3.408261375402e-02
3.048000000000e-01,3.208804880706e-02,3.410585686604e-02
3.054000000000e-01,1.889311103728e-02,3.412114475992e-02
3.060000000000e-01,5.829558879457e-03,3.412855487723e-02
3.066000000000e-01,-7.098077561001e-03,3.412816741455e-02
3.072000000000e-01,-1.988539284730e-02,3.412006524923e-02
3.078000000000e-01,-3.252810787736e-02,3.410433386404e-02
3.084000000000e-01,-4.502207143218e-02,3.408106127093e-02
3.090000000000e-01,-5.736326160626e-02,3.405033793387e-02
3.096000000000e-01,-6.954778712012e-02,3.401225669082e-02
3.102000000000e-01,-8.157188851502e-02,3.396691267503e-02
3.108000000000e-01,-9.343193922999e-02,3.391440323563e-02
3.114000000000e-01,-1.051244465617e-01,3.385482785753e-02
3.120000000000e-01,-1.166460525076e-01,3.378828808093e-02
3.126000000000e-01,-1.279935344924e-01,3.371488742022e-02
3.132000000000e-01,-1.391638059797e-01,3.363473128255e-02
3.138000000000e-01,-1.501539169682e-01,3.354792688606e-02
3.144000000000e-01,-1.609610543744e-01,3.345458317782e-02
3.150000000000e-01,-1.715825423024e-01,3.335481075162e-02
3.156000000000e-01,-1.820158422018e-01,3.324872176558e-02
3.162000000000e-01,-1.922585529153e-01,3.313642985973e-02
3.168000000000e-01,-2.023084106165e-01,3.301805007360e-02
3.174000000000e-01,-2.121632886409e-01,3.289369876384e-02
3.180000000000e-01,-2.218211972092e-01,3.276349352203e-02
3.186000000000e-01,-2.312802830472e-01,3.262755309264e-02
3.192000000000e-01,-2.405388289013e-01,3.248599729128e-02
3.198000000000e-01,-2.495952529537e-01,3.233894692322e-02
3.204000000000e-01,-2.584481081374e-01,3.218652370240e-02
3.210000000000e-01,-2.670960813539e-01,3.202885017074e-02
3.216000000000e-01,-2.755379925954e-01,3.186604961805e-02
3.222000000000e-01,-2.837727939727e-01,3.169824600247e-02
3.228000000000e-01,-2.917995686528e-01,3.152556387149e-02
3.234000000000e-01,-2.996175297063e-01,3.134812828367e-02
3.240000000000e-01,-3.072260188679e-01,3.116606473107e-02
3.246000000000e-01,-3.146245052129e-01,3.097949906243e-02
3.252000000000e-01,-3.218125837503e-01,3.078855740720e-02
3.258000000000e-01,-3.287899739371e-01,3.059336610042e-02
3.264000000000e-01,-3.355565181137e-01,3.039405160849e-02
3.270000000000e-01,-3.421121798661e-01,3.019074045596e-02
3.276000000000e-01,-3.484570423142e-01,2.998355915330e-02
3.282000000000e-01,-3.545913063306e-01,2.977263412565e-02
3.288000000000e-01,-3.605152886930e-01,2.955809164279e-02
3.294000000000e-01,-3.662294201708e-01,2.934005775014e-02
3.300000000000e-01,-3.717342435508e-01,2.911865820094e-02
3.306000000000e-01,-3.770304116028e-01,2.889401838966e-02
3.312000000000e-01,-3.821186849895e-01,2.866626328665e-02
3.318000000000e-01,-3.869999301224e-01,2.843551737402e-02
3.324000000000e-01,-3.916751169661e-01,2.820190458284e-02
3.330000000000e-01,-3.961453167953e-01,2.796554823172e-02
3.336000000000e-01,-4.004116999056e-01,2.772657096667e-02
3.342000000000e-01,-4.044755332818e-01,2.748509470241e-02
3.348000000000e-01,-4.083381782265e-01,2.724124056503e-02
3.354000000000e-01,-4.120010879509e-01,2.699512883618e-02
3.360000000000e-01,-4.154658051318e-01,2.674687889858e-02
3.366000000000e-01,-4.187339594362e-01,2.649660918316e-02
3.372000000000e-01,-4.218072650183e-01,2.624443711755e-02
3.378000000000e-01,-4.246875179885e-01,2.599047907619e-02
3.384000000000e-01,-4.273765938600e-01,2.573485033189e-02
3.390000000000e-01,-4.298764449747e-01,2.547766500900e-02
3.396000000000e-01,-4.321890979103e-01,2.521903603804e-02
3.402000000000e-01,-4.343166508722e-01,2.495907511196e-02
3.408000000000e-01,-4.362612710727e-01,2.469789264399e-02
3.414000000000e-01,-4.380251920993e-01,2.443559772694e-02
3.420000000000e-01,-4.396107112759e-01,2.417229809424e-02
3.426000000000e-01,-4.410201870180e-01,2.390810008248e-02
3.432000000000e-01,-4.422560361862e-01,2.364310859551e-02
3.438000000000e-01,-4.433207314378e-01,2.337742707020e-02
3.444000000000e-01,-4.442167985820e-01,2.311115744374e-02
3.450000000000e-01,-4.449468139383e-01,2.284440012257e-02
3.456000000000e-01,-4.455134017024e-01,2.257725395284e-02
3.462000000000e-01,-4.459192313204e-01,2.230981619245e-02
3.468000000000e-01,-4.461670148747e-01,2.204218248473e-02
3.474000000000e-01,-4.462595044829e-01,2.177444683363e-02
3.480000000000e-01,-4.461994897119e-01,2.150670158046e-02
3.486000000000e-01,-4.459897950102e-01,2.123903738218e-02
3.492000000000e-01,-4.456332771591e-01,2.097154319128e-02
3.498000000000e-01,-4.451328227449e-01,2.070430623709e-02
3.504000000000e-01,-4.444913456556e-01,2.043741200868e-02
3.510000000000e-01,-4.437117846016e-01,2.017094423924e-02
3.516000000000e-01,-4.427971006635e-01,1.990498489187e-02
3.522000000000e-01,-4.417502748692e-01,1.963961414693e-02
3.528000000000e-01,-4.405743057999e-01,1.937491039078e-02
3.534000000000e-01,-4.392722072295e-01,1.911095020596e-02
3.540000000000e-01,-4.378470057955e-01,1.884780836275e-02
3.546000000000e-01,-4.363017387065e-01,1.858555781219e-02
3.552000000000e-01,-4.346394514846e-01,1.832426968037e-02
3.558000000000e-01,-4.328631957456e-01,1.806401326414e-02
3.564000000000e-01,-4.309760270185e-01,1.780485602809e-02
3.570000000000e-01,-4.289810026039e-01,1.754686360285e-02
3.576000000000e-01,-4.268811794748e-01,1.729009978469e-02
3.582000000000e-01,-4.246796122182e-01,1.703462653628e-02
3.588000000000e-01,-4.223793510213e-01,1.678050398877e-02
3.594000000000e-01,-4.199834397004e-01,1.652779044502e-02
3.600000000000e-01,-4.174949137760e-01,1.627654238398e-02
3.606000000000e-01,-4.149167985931e-01,1.602681446626e-02
3.612000000000e-01,-4.122521074878e-01,1.577865954077e-02
3.618000000000e-01,-4.095038400025e-01,1.553212865245e-02
3.624000000000e-01,-4.066749801469e-01,1.528727105112e-02
3.630000000000e-01,-4.037684947095e-01,1.504413420126e-02
3.636000000000e-01,-4.007873316169e-01,1.480276379286e-02
3.642000000000e-01,-3.977344183429e-01,1.456320375321e-02
3.648000000000e-01,-3.946126603671e-01,1.432549625964e-02
3.654000000000e-01,-3.914249396842e-01,1.408968175315e-02
3.660000000000e-01,-3.881741133632e-01,1.385579895297e-02
3.666000000000e-01,-3.848630121572e-01,1.362388487190e-02
3.672000000000e-01,-3.814944391646e-01,1.339397483254e-02
3.678000000000e-01,-3.780711685406e-01,1.316610248423e-02
3.684000000000e-01,-3.745959442596e-01,1.294029982082e-02
3.690000000000e-01,-3.710714789287e-01,1.271659719911e-02
3.696000000000e-01,-3.675004526527e-01,1.249502335807e-02
3.702000000000e-01,-3.638855119484e-01,1.227560543859e-02
3.708000000000e-01,-3.602292687109e-01,1.205836900400e-02
3.714000000000e-01,-3.565342992299e-01,1.184333806114e-02
3.720000000000e-01,-3.528031432557e-01,1.163053508197e-02
3.726000000000e-01,-3.490383031156e-01,1.141998102581e-02
3.732000000000e-01,-3.452422428798e-01,1.121169536199e-02
3.738000000000e-01,-3.414173875762e-01,1.100569609310e-02
3.744000000000e-01,-3.375661224542e-01,1.080199977859e-02
3.750000000000e-01,-3.336907922965e-01,1.060062155889e-02
3.756000000000e-01,-3.297937007789e-01,1.040157517983e-02
3.762000000000e-01,-3.258771098774e-01,1.020487301755e-02
3.768000000000e-01,-3.219432393218e-01,1.001052610363e-02
3.774000000000e-01,-3.179942660954e-01,9.818544150610e-03
3.780000000000e-01,-3.140323239800e-01,9.628935577798e-03
3.786000000000e-01,-3.100595031464e-01,9.441707537284e-03
3.792000000000e-01,-3.060778497875e-01,9.256865940232e-03
3.798000000000e-01,-3.020893657967e-01,9.074415483368e-03
3.804000000000e-01,-2.980960084870e-01,8.894359675641e-03
3.810000000000e-01,-2.940996903531e-01,8.716700865048e-03
3.816000000000e-01,-2.901022788743e-01,8.541440265585e-03
3.822000000000e-01,-2.861055963572e-01,8.368577984305e-03
3.828000000000e-01,-2.821114198183e-01,8.198113048459e-03
3.834000000000e-01,-2.781214809047e-01,8.030043432695e-03
3.840000000000e-01,-2.741374658524e-01,7.864366086298e-03
3.846000000000e-01,-2.701610154819e-01,7.701076960433e-03
3.852000000000e-01,-2.661937252286e-01,7.540171035394e-03
3.858000000000e-01,-2.622371452092e-01,7.381642347811e-03
3.864000000000e-01,-2.582927803210e-01,7.225484017816e-03
3.870000000000e-01,-2.543620903752e-01,7.071688276138e-03
3.876000000000e-01,-2.504464902614e-01,6.920246491101e-03
3.882000000000e-01,-2.465473501437e-01,6.771149195528e-03
3.888000000000e-01,-2.426659956866e-01,6.624386113502e-03
3.894000000000e-01,-2.388037083105e-01,6.479946186995e-03
3.900000000000e-01,-2.349617254747e-01,6.337817602330e-03
3.906000000000e-01,-2.311412409882e-01,6.197987816466e-03
3.912000000000e-01,-2.273434053463e-01,6.060443583089e-03
3.918000000000e-01,-2.235693260923e-01,5.925170978490e-03
3.924000000000e-01,-2.198200682039e-01,5.792155427224e-03
3.930000000000e-01,-2.160966545026e-01,5.661381727529e-03
3.936000000000e-01,-2.124000660850e-01,5.532834076489e-03
3.942000000000e-01,-2.087312427758e-01,5.406496094934e-03
3.948000000000e-01,-2.050910836012e-01,5.282350852062e-03
3.954000000000e-01,-2.014804472809e-01,5.160380889776e-03
3.960000000000e-01,-1.979001527396e-01,5.040568246708e-03
3.966000000000e-01,-1.943509796346e-01,4.922894481943e-03
3.972000000000e-01,-1.908336689010e-01,4.807340698417e-03
3.978000000000e-01,-1.873489233119e-01,4.693887565982e-03
3.984000000000e-01,-1.838974080530e-01,4.582515344130e-03
3.990000000000e-01,-1.804797513115e-01,4.473203904373e-03
3.996000000000e-01,-1.770965448772e-01,4.365932752257e-03
4.002000000000e-01,-1.737483447558e-01,4.260681049023e-03
4.008000000000e-01,-1.704356717933e-01,4.157427632888e-03
4.014000000000e-01,-1.671590123098e-01,4.056151039949e-03
4.020000000000e-01,-1.639188187439e-01,3.956829524711e-03
4.026000000000e-01,-1.607155103044e-01,3.859441080214e-03
4.032000000000e-01,-1.575494736298e-01,3.763963457780e-03
4.038000000000e-01,-1.544210634556e-01,3.670374186350e-03
4.044000000000e-01,-1.513306032859e-01,3.578650591429e-03
4.050000000000e-01,-1.482783860721e-01,3.488769813617e-03
4.056000000000e-01,-1.452646748947e-01,3.400708826740e-03
4.062000000000e-01,-1.422897036495e-01,3.314444455567e-03
4.068000000000e-01,-1.393536777368e-01,3.229953393109e-03
4.074000000000e-01,-1.364567747527e-01,3.147212217516e-03
4.080000000000e-01,-1.335991451822e-01,3.066197408547e-03
4.086000000000e-01,-1.307809130935e-01,2.986885363630e-03
4.092000000000e-01,-1.280021768317e-01,2.909252413503e-03
4.098000000000e-01,-1.252630097136e-01,2.833274837441e-03
4.104000000000e-01,-1.225634607202e-01,2.758928878064e-03
4.110000000000e-01,-1.199035551887e-01,2.686190755731e-03
4.116000000000e-01,-1.172832955019e-01,2.615036682520e-03
4.122000000000e-01,-1.147026617748e-01,2.545442875793e-03
4.128000000000e-01,-1.121616125385e-01,2.477385571353e-03
4.134000000000e-01,-1.096600854203e-01,2.410841036188e-03
4.140000000000e-01,-1.071979978191e-01,2.345785580815e-03
4.146000000000e-01,-1.047752475767e-01,2.282195571208e-03
4.152000000000e-01,-1.023917136438e-01,2.220047440339e-03
4.158000000000e-01,-1.000472567402e-01,2.159317699312e-03
4.164000000000e-01,-9.774172000925e-02,2.099982948104e-03
4.170000000000e-01,-9.547492966605e-02,2.042019885915e-03
4.176000000000e-01,-9.324669563832e-02,1.985405321137e-03
4.182000000000e-01,-9.105681220065e-02,1.930116180931e-03
4.188000000000e-01,-8.890505860102e-02,1.876129520432e-03
4.194000000000e-01,-8.679119967962e-02,1.823422531582e-03
4.200000000000e-01,-8.471498647939e-02,1.771972551585e-03
4.206000000000e-01,-8.267615684833e-02,1.721757071009e-03
4.212000000000e-01,-8.067443603294e-02,1.672753741523e-03
4.218000000000e-01,-7.870953726288e-02,1.624940383284e-03
4.224000000000e-01,-7.678116232629e-02,1.578294991969e-03
4.230000000000e-01,-7.488900213585e-02,1.532795745474e-03
4.236000000000e-01,-7.303273728509e-02,1.488421010273e-03
4.242000000000e-01,-7.121203859499e-02,1.445149347439e-03
4.248000000000e-01,-6.942656765059e-02,1.402959518352e-03
4.254000000000e-01,-6.767597732743e-02,1.361830490079e-03
4.260000000000e-01,-6.595991230773e-02,1.321741440447e-03
4.266000000000e-01,-6.427800958619e-02,1.282671762802e-03
4.272000000000e-01,-6.262989896525e-02,1.244601070478e-03
4.278000000000e-01,-6.101520353972e-02,1.207509200963e-03
4.284000000000e-01,-5.943354017077e-02,1.171376219781e-03
4.290000000000e-01,-5.788451994905e-02,1.136182424093e-03
4.296000000000e-01,-5.636774864709e-02,1.101908346026e-03
4.302000000000e-01,-5.488282716074e-02,1.068534755724e-03
4.308000000000e-01,-5.342935193977e-02,1.036042664153e-03
4.314000000000e-01,-5.200691540746e-02,1.004413325635e-03
4.320000000000e-01,-5.061510636935e-02,9.736282401436e-04
4.326000000000e-01,-4.925351041097e-02,9.436691553565e-04
4.332000000000e-01,-4.792171028471e-02,9.145180684676e-04
4.338000000000e-01,-4.661928628577e-02,8.861572277755e-04
4.344000000000e-01,-4.534581661722e-02,8.585691340471e-04
4.350000000000e-01,-4.410087774429e-02,8.317365416664e-04
4.356000000000e-01,-4.288404473786e-02,8.056424595735e-04
4.362000000000e-01,-4.169489160724e-02,7.802701520009e-04
4.368000000000e-01,-4.053299162236e-02,7.556031390129e-04
4.374000000000e-01,-3.939791762535e-02,7.316251968556e-04
4.380000000000e-01,-3.828924233167e-02,7.083203581229e-04
4.386000000000e-01,-3.720653862091e-02,6.856729117440e-04
4.392000000000e-01,-3.614937981726e-02,6.636674028011e-04
4.398000000000e-01,-3.511733995981e-02,6.422886321806e-04
4.404000000000e-01,-3.410999406287e-02,6.215216560654e-04
4.410000000000e-01,-3.312691836632e-02,6.013517852748e-04
4.416000000000e-01,-3.216769057612e-02,5.817645844559e-04
4.422000000000e-01,-3.123189009521e-02,5.627458711344e-04
4.428000000000e-01,-3.031909824486e-02,5.442817146297e-04
4.434000000000e-01,-2.942889847665e-02,5.263584348397e-04
4.440000000000e-01,-2.856087657510e-02,5.089626009013e-04
4.446000000000e-01,-2.771462085137e-02,4.920810297321e-04
4.452000000000e-01,-2.688972232789e-02,4.757007844588e-04
4.458000000000e-01,-2.608577491425e-02,4.598091727371e-04
4.464000000000e-01,-2.530237557447e-02,4.443937449684e-04
4.470000000000e-01,-2.453912448582e-02,4.294422924199e-04
4.476000000000e-01,-2.379562518932e-02,4.149428452504e-04
4.482000000000e-01,-2.307148473210e-02,4.008836704491e-04
4.488000000000e-01,-2.236631380189e-02,3.872532696916e-04
4.494000000000e-01,-2.167972685360e-02,3.740403771164e-04
4.500000000000e-01,-2.101134222842e-02,3.612339570293e-04
4.506000000000e-01,-2.036078226534e-02,3.488232015372e-04
4.512000000000e-01,-1.972767340558e-02,3.367975281182e-04
4.518000000000e-01,-1.911164628978e-02,3.251465771303e-04
4.524000000000e-01,-1.851233584836e-02,3.138602092648e-04
4.530000000000e-01,-1.792938138517e-02,3.029285029463e-04
4.536000000000e-01,-1.736242665453e-02,2.923417516862e-04
4.542000000000e-01,-1.681111993193e-02,2.820904613899e-04
4.548000000000e-01,-1.627511407855e-02,2.721653476250e-04
4.554000000000e-01,-1.575406659968e-02,2.625573328520e-04
4.560000000000e-01,-1.524763969741e-02,2.532575436217e-04
4.566000000000e-01,-1.475550031757e-02,2.442573077426e-04
4.572000000000e-01,-1.427732019120e-02,2.355481514221e-04
4.578000000000e-01,-1.381277587067e-02,2.271217963843e-04
4.584000000000e-01,-1.336154876072e-02,2.189701569677e-04
4.590000000000e-01,-1.292332514443e-02,2.110853372054e-04
4.596000000000e-01,-1.249779620447e-02,2.034596278919e-04
4.602000000000e-01,-1.208465803960e-02,1.960855036379e-04
4.608000000000e-01,-1.168361167682e-02,1.889556199168e-04
4.614000000000e-01,-1.129436307908e-02,1.820628101056e-04
4.620000000000e-01,-1.091662314891e-02,1.754000825214e-04
4.626000000000e-01,-1.055010772804e-02,1.689606174579e-04
4.632000000000e-01,-1.019453759319e-02,1.627377642234e-04
4.638000000000e-01,-9.849638448128e-03,1.567250381809e-04
4.644000000000e-01,-9.515140912286e-03,1.509161177964e-04
4.650000000000e-01,-9.190780505901e-03,1.453048416929e-04
4.656000000000e-01,-8.876297631985e-03,1.398852057153e-04
4.662000000000e-01,-8.571437555182e-03,1.346513600073e-04
4.668000000000e-01,-8.275950377681e-03,1.295976061013e-04
4.674000000000e-01,-7.989591012323e-03,1.247183940235e-04
4.680000000000e-01,-7.712119153033e-03,1.200083194169e-04
4.686000000000e-01,-7.443299242721e-03,1.154621206815e-04
4.692000000000e-01,-7.182900438765e-03,1.110746761356e-04
4.698000000000e-01,-6.930696576229e-03,1.068410011977e-04
4.704000000000e-01,-6.686466128916e-03,1.027562455917e-04
4.710000000000e-01,-6.449992168397e-03,9.881569057596e-05
4.716000000000e-01,-6.221062321122e-03,9.501474619705e-05
4.722000000000e-01,-5.999468723739e-03,9.134894857040e-05
4.728000000000e-01,-5.785007976730e-03,8.781395718793e-05
4.734000000000e-01,-5.577481096474e-03,8.440555225408e-05
4.740000000000e-01,-5.376693465845e-03,8.111963205101e-05
4.746000000000e-01,-5.182454783449e-03,7.795221033385e-05
4.752000000000e-01,-4.994579011607e-03,7.489941375683e-05
4.758000000000e-01,-4.812884323170e-03,7.195747933095e-05
4.764000000000e-01,-4.637193047278e-03,6.912275191386e-05
4.770000000000e-01,-4.467331614138e-03,6.639168173263e-05
4.776000000000e-01,-4.303130498929e-03,6.376082193989e-05
4.782000000000e-01,-4.144424164906e-03,6.122682620388e-05
4.788000000000e-01,-3.991051005795e-03,5.878644633284e-05
4.794000000000e-01,-3.842853287558e-03,5.643652993418e-05
4.800000000000e-01,-3.699677089605e-03,5.417401810874e-05
4.806000000000e-01,-3.561372245534e-03,5.199594318050e-05
4.812000000000e-01,-3.427792283467e-03,4.989942646193e-05
4.818000000000e-01,-3.298794366049e-03,4.788167605524e-05
4.824000000000e-01,-3.174239230190e-03,4.593998468978e-05
4.830000000000e-01,-3.053991126600e-03,4.407172759558e-05
4.836000000000e-01,-2.937917759193e-03,4.227436041324e-05
4.842000000000e-01,-2.825890224406e-03,4.054541714024e-05
4.848000000000e-01,-2.717782950503e-03,3.888250811359e-05
4.854000000000e-01,-2.613473636915e-03,3.728331802897e-05
4.860000000000e-01,-2.512843193660e-03,3.574560399622e-05
4.866000000000e-01,-2.415775680904e-03,3.426719363108e-05
4.872000000000e-01,-2.322158248712e-03,3.284598318322e-05
4.878000000000e-01,-2.231881077019e-03,3.147993570033e-05
4.884000000000e-01,-2.144837315883e-03,3.016707922809e-05
4.890000000000e-01,-2.060923026050e-03,2.890550504602e-05
4.896000000000e-01,-1.980037119871e-03,2.769336593872e-05
4.902000000000e-01,-1.902081302614e-03,2.652887450262e-05
4.908000000000e-01,-1.826960014198e-03,2.541030148766e-05
4.914000000000e-01,-1.754580371387e-03,2.433597417392e-05
4.920000000000e-01,-1.684852110472e-03,2.330427478270e-05
4.926000000000e-01,-1.617687530477e-03,2.231363892188e-05
4.932000000000e-01,-1.553001436903e-03,2.136255406519e-05
4.938000000000e-01,-1.490711086051e-03,2.044955806503e-05
4.944000000000e-01,-1.430736129937e-03,1.957323769858e-05
4.950000000000e-01,-1.372998561823e-03,1.873222724675e-05
4.956000000000e-01,-1.317422662391e-03,1.792520710556e-05
4.962000000000e-01,-1.263934946569e-03,1.715090242970e-05
4.968000000000e-01,-1.212464111039e-03,1.640808180781e-05
4.974000000000e-01,-1.162940982423e-03,1.569555596893e-05
4.980000000000e-01,-1.115298466191e-03,1.501217651995e-05
4.986000000000e-01,-1.069471496270e-03,1.435683471343e-05
4.992000000000e-01,-1.025396985401e-03,1.372846024548e-05
4.998000000000e-01,-9.830137762221e-04,1.312602008316e-05
5.004000000000e-01,-9.422625931083e-04,1.254851732103e-05
5.010000000000e-01,-9.030859947728e-04,1.199499006639e-05
5.016000000000e-01,-8.654283276287e-04,1.146451035268e-05
5.022000000000e-01,-8.292356799252e-04,1.095618308066e-05
5.028000000000e-01,-7.944558366596e-04,1.046914498689e-05
5.034000000000e-01,-7.610382352706e-04,1.000256363902e-05
5.040000000000e-01,-7.289339221139e-04,9.555636457364e-06
5.046000000000e-01,-6.980955097245e-04,9.127589762488e-06
5.052000000000e-01,-6.684771348653e-04,8.717677848075e-06
5.058000000000e-01,-6.400344173629e-04,8.325182078796e-06
5.064000000000e-01,-6.127244197292e-04,7.949410012619e-06
5.070000000000e-01,-5.865056075701e-04,7.589694547120e-06
5.076000000000e-01,-5.613378107752e-04,7.245393089303e-06
5.082000000000e-01,-5.371821854906e-04,6.915886748481e-06
5.088000000000e-01,-5.140011768674e-04,6.600579551732e-06
5.094000000000e-01,-4.917584825843e-04,6.298897681483e-06
5.100000000000e-01,-4.704190171396e-04,6.010288734742e-06
5.106000000000e-01,-4.499488769061e-04,5.734221003524e-06
5.112000000000e-01,-4.303153059452e-04,5.470182776028e-06
5.118000000000e-01,-4.114866625731e-04,5.217681658082e-06
5.124000000000e-01,-3.934323866721e-04,4.976243914442e-06
5.130000000000e-01,-3.761229677415e-04,4.745413829470e-06
5.136000000000e-01,-3.595299136791e-04,4.524753086765e-06
5.142000000000e-01,-3.436257202872e-04,4.313840167308e-06
5.148000000000e-01,-3.283838414931e-04,4.112269765693e-06
5.154000000000e-01,-3.137786602779e-04,3.919652224005e-06
5.160000000000e-01,-2.997854603029e-04,3.735612982931e-06
5.166000000000e-01,-2.863803982255e-04,3.559792049701e-06
5.172000000000e-01,-2.735404766961e-04,3.391843482415e-06
5.178000000000e-01,-2.612435180252e-04,3.231434890387e-06
5.184000000000e-01,-2.494681385113e-04,3.078246950079e-06
5.190000000000e-01,-2.381937234213e-04,2.931972936252e-06
5.196000000000e-01,-2.274004026108e-04,2.792318267923e-06
5.202000000000e-01,-2.170690267766e-04,2.659000068775e-06
5.208000000000e-01,-2.071811443299e-04,2.531746741614e-06
5.214000000000e-01,-1.977189788791e-04,2.410297556534e-06
5.220000000000e-01,-1.886654073143e-04,2.294402252395e-06
5.226000000000e-01,-1.800039384794e-04,2.183820651285e-06
5.232000000000e-01,-1.717186924247e-04,2.078322285603e-06
5.238000000000e-01,-1.637943802266e-04,1.977686037413e-06
5.244000000000e-01,-1.562162843655e-04,1.881699789746e-06
5.250000000000e-01,-1.489702396499e-04,1.790160089504e-06
5.256000000000e-01,-1.420426146773e-04,1.702871821655e-06
5.262000000000e-01,-1.354202938199e-04,1.619647894390e-06
5.268000000000e-01,-1.290906597257e-04,1.540308934927e-06
5.274000000000e-01,-1.230415763224e-04,1.464682995679e-06
5.280000000000e-01,-1.172613723166e-04,1.392605270452e-06
5.286000000000e-01,-1.117388251742e-04,1.323917820414e-06
5.292000000000e-01,-1.064631455741e-04,1.258469309522e-06
5.298000000000e-01,-1.014239623235e-04,1.196114749145e-06
5.304000000000e-01,-9.661130772490e-05,1.136715251598e-06
5.310000000000e-01,-9.201560338442e-05,1.080137792326e-06
5.316000000000e-01,-8.762764645098e-05,1.026254980470e-06
5.322000000000e-01,-8.343859627672e-05,9.749448375616e-07
5.328000000000e-01,-7.943996148838e-05,9.260905841052e-07
5.334000000000e-01,-7.562358745968e-05,8.795804337874e-07
5.340000000000e-01,-7.198164417522e-05,8.353073950902e-07
5.346000000000e-01,-6.850661447596e-05,7.931690800696e-07
5.352000000000e-01,-6.519128267695e-05,7.530675200750e-07
5.358000000000e-01,-6.202872354775e-05,7.149089881883e-07
5.364000000000e-01,-5.901229164648e-05,6.786038281683e-07
5.370000000000e-01,-5.613561099811e-05,6.440662896915e-07
5.376000000000e-01,-5.339256510820e-05,6.112143696841e-07
5.382000000000e-01,-5.077728730316e-05,5.799696595477e-07
5.388000000000e-01,-4.828415138824e-05,5.502571980850e-07
5.394000000000e-01,-4.590776261485e-05,5.220053299380e-07
5.400000000000e-01,-4.364294894861e-05,4.951455693541e-07
5.406000000000e-01,-4.148475262998e-05,4.696124691041e-07
5.412000000000e-01,-3.942842201927e-05,4.453434943779e-07
5.418000000000e-01,-3.746940371813e-05,4.222789014897e-07
5.424000000000e-01,-3.560333495960e-05,4.003616212293e-07
5.430000000000e-01,-3.382603625910e-05,3.795371467010e-07
5.436000000000e-01,-3.213350431890e-05,3.597534254951e-07
5.442000000000e-01,-3.052190517858e-05,3.409607560430e-07
5.448000000000e-01,-2.898756760435e-05,3.231116880097e-07
5.454000000000e-01,-2.752697671014e-05,3.061609265829e-07
5.460000000000e-01,-2.613676780353e-05,2.900652405215e-07
5.466000000000e-01,-2.481372044986e-05,2.747833738314e-07
5.472000000000e-01,-2.355475274768e-05,2.602759609380e-07
5.478000000000e-01,-2.235691580941e-05,2.465054452326e-07
5.484000000000e-01,-2.121738844058e-05,2.334360008698e-07
5.490000000000e-01,-2.013347201164e-05,2.210334576999e-07
5.496000000000e-01,-1.910258551640e-05,2.092652292213e-07
5.502000000000e-01,-1.812226081098e-05,1.981002434440e-07
5.508000000000e-01,-1.719013802779e-05,1.875088765560e-07
5.514000000000e-01,-1.630396115883e-05,1.774628892917e-07
5.520000000000e-01,-1.546157380281e-05,1.679353658994e-07
5.526000000000e-01,-1.466091507094e-05,1.589006556139e-07
5.532000000000e-01,-1.390001564605e-05,1.503343165380e-07
5.538000000000e-01,-1.317699399010e-05,1.422130618456e-07
5.544000000000e-01,-1.249005269512e-05,1.345147082150e-07
5.550000000000e-01,-1.183747497285e-05,1.272181264117e-07
5.556000000000e-01,-1.121762127841e-05,1.203031939353e-07
5.562000000000e-01,-1.062892606344e-05,1.137507496541e-07
5.568000000000e-01,-1.006989465438e-05,1.075425503504e-07
5.574000000000e-01,-9.539100251614e-06,1.016612291008e-07
5.580000000000e-01,-9.035181045224e-06,9.609025542386e-08
5.586000000000e-01,-8.556837443462e-06,9.081389712257e-08
5.592000000000e-01,-8.102829409913e-06,8.581718375796e-08
5.598000000000e-01,-7.671973905597e-06,8.108587168835e-08
5.604000000000e-01,-7.263142432294e-06,7.660641061285e-08
5.610000000000e-01,-6.875258673514e-06,7.236591155940e-08
5.616000000000e-01,-6.507296229632e-06,6.835211625987e-08
5.622000000000e-01,-6.158276443821e-06,6.455336785654e-08
5.628000000000e-01,-5.827266315500e-06,6.095858288675e-08
5.634000000000e-01,-5.513376498137e-06,5.755722449391e-08
5.640000000000e-01,-5.215759378332e-06,5.433927681535e-08
5.646000000000e-01,-4.933607233201e-06,5.129522049907e-08
5.652000000000e-01,-4.666150463175e-06,4.841600930329e-08
5.658000000000e-01,-4.412655897429e-06,4.569304773438e-08
5.664000000000e-01,-4.172425169239e-06,4.311816968046e-08
5.670000000000e-01,-3.944793158633e-06,4.068361799942e-08
5.676000000000e-01,-3.729126499837e-06,3.838202502185e-08
5.682000000000e-01,-3.524822151032e-06,3.620639393060e-08
5.688000000000e-01,-3.331306024085e-06,3.415008098047e-08
5.694000000000e-01,-3.148031671941e-06,3.220677852258e-08
5.700000000000e-01,-2.974479031480e-06,3.037049879963e-08
5.706000000000e-01,-2.810153219690e-06,2.863555847922e-08
5.712000000000e-01,-2.654583381095e-06,2.699656389415e-08
5.718000000000e-01,-2.507321584442e-06,2.544839695927e-08
5.724000000000e-01,-2.367941766715e-06,2.398620173605e-08
5.730000000000e-01,-2.236038722626e-06,2.260537161706e-08
5.736000000000e-01,-2.111227137772e-06,2.130153710346e-08
5.742000000000e-01,-1.993140663744e-06,2.007055415008e-08
5.748000000000e-01,-1.881431033498e-06,1.890849305309e-08
5.754000000000e-01,-1.775767215385e-06,1.781162785693e-08
5.760000000000e-01,-1.675834604287e-06,1.677642625755e-08
5.766000000000e-01,-1.581334248351e-06,1.579953998016e-08
5.772000000000e-01,-1.491982109887e-06,1.487779561073e-08
5.778000000000e-01,-1.407508359026e-06,1.400818586097e-08
5.784000000000e-01,-1.327656698807e-06,1.318786124767e-08
5.790000000000e-01,-1.252183720391e-06,1.241412216783e-08
5.796000000000e-01,-1.180858287169e-06,1.168441135203e-08
5.802000000000e-01,-1.113460946550e-06,1.099630667884e-08
5.808000000000e-01,-1.049783368295e-06,1.034751433425e-08
5.814000000000e-01,-9.896278082721e-07,9.735862300381e-09
5.820000000000e-01,-9.328065965649e-07,9.159294158549e-09
5.826000000000e-01,-8.791416489208e-07,8.615863192469e-09
5.832000000000e-01,-8.284640005349e-07,8.103726777807e-09
5.838000000000e-01,-7.806133612289e-07,7.621141044998e-09
5.844000000000e-01,-7.354376911087e-07,7.166455802783e-09
5.850000000000e-01,-6.927927958221e-07,6.738109710417e-09
5.856000000000e-01,-6.525419405754e-07,6.334625687052e-09
5.862000000000e-01,-6.145554820958e-07,5.954606547298e-09
5.868000000000e-01,-5.787105177627e-07,5.596730852403e-09
5.874000000000e-01,-5.448905511592e-07,5.259748967008e-09
5.880000000000e-01,-5.129851733270e-07,4.942479311805e-09
5.886000000000e-01,-4.828897590344e-07,4.643804802925e-09
5.892000000000e-01,-4.545051773968e-07,4.362669469214e-09
5.898000000000e-01,-4.277375162148e-07,4.098075238989e-09
5.904000000000e-01,-4.024978194206e-07,3.849078888243e-09
5.910000000000e-01,-3.787018370491e-07,3.614789142578e-09
5.916000000000e-01,-3.562697871735e-07,3.394363925552e-09
5.922000000000e-01,-3.351261292684e-07,3.187007746405e-09
5.928000000000e-01,-3.151993484851e-07,2.991969220467e-09
5.934000000000e-01,-2.964217503466e-07,2.808538715853e-09
5.940000000000e-01,-2.787292653888e-07,2.636046120335e-09
5.946000000000e-01,-2.620612632944e-07,2.473858722556e-09
5.952000000000e-01,-2.463603760877e-07,2.321379202026e-09
5.958000000000e-01,-2.315723299719e-07,2.178043722588e-09
5.964000000000e-01,-2.176457854134e-07,2.043320124290e-09
5.970000000000e-01,-2.045321850910e-07,1.916706208823e-09
5.976000000000e-01,-1.921856093456e-07,1.797728113928e-09
5.982000000000e-01,-1.805626387821e-07,1.685938772365e-09
5.988000000000e-01,-1.696222236885e-07,1.580916451262e-09
5.994000000000e-01,-1.593255599542e-07,1.482263367847e-09
6.000000000000e-01,-1.496359711818e-07,1.389604377758e-09
