dim,geom,method,n,size_param,t_asm,t_mv,mem_mb,rel_err,maxrank
2,volume,bem_proxy,256,16,7.197962e-03,4.101900e-05,3.884506e-01,2.177722e-07,38
2,volume,bem_nca,256,16,2.397745e-03,4.075400e-05,3.234711e-01,7.652746e-08,22
2,volume,bem_nnca,256,16,1.968838e-03,4.032800e-05,3.032455e-01,8.361936e-08,15
2,volume,h2m_cheb,256,16,1.152421e-03,2.451100e-05,5.066299e-01,1.289961e-03,16
2,volume,h2m_ada,256,16,1.325477e-03,1.743300e-05,5.288467e-01,7.887662e-16,0
2,volume,bem_proxy,1024,32,2.592706e-02,3.386720e-04,2.166916e+00,3.674213e-07,38
2,volume,bem_nca,1024,32,1.663882e-02,3.104250e-04,1.731148e+00,6.763446e-04,22
2,volume,bem_nnca,1024,32,3.766745e-02,3.102120e-04,1.746109e+00,1.157624e-04,21
2,volume,h2m_cheb,1024,32,6.286488e-03,1.382960e-04,2.818901e+00,9.613291e-04,16
2,volume,h2m_ada,1024,32,2.219760e-01,2.021370e-04,4.641800e+00,5.517360e-05,194
2,volume,bem_proxy,2304,48,1.006317e-01,1.784284e-03,6.215462e+00,2.323331e-05,38
2,volume,bem_nca,2304,48,6.758948e-02,1.721972e-03,5.272621e+00,1.680122e-04,24
2,volume,bem_nnca,2304,48,7.563148e-02,1.678157e-03,5.301888e+00,8.048335e-05,23
2,volume,h2m_cheb,2304,48,2.185740e-02,7.795720e-04,7.774971e+00,6.005852e-04,16
2,volume,h2m_ada,2304,48,8.715654e-01,1.224196e-03,1.015353e+01,5.410327e-05,215
2,volume,bem_proxy,4096,64,1.100216e-01,2.125130e-03,1.019606e+01,1.857756e-06,37
2,volume,bem_nca,4096,64,7.792625e-02,1.858784e-03,8.171600e+00,5.854984e-04,23
2,volume,bem_nnca,4096,64,1.228902e-01,1.770689e-03,8.591583e+00,2.539083e-04,23
2,volume,h2m_cheb,4096,64,3.175414e-02,1.570207e-03,1.364668e+01,1.573342e-03,16
2,volume,h2m_ada,4096,64,6.402723e-01,2.596010e-03,2.167883e+01,1.315635e-04,216
2,volume,bem_proxy,10000,100,3.962666e-01,1.071761e-02,2.873560e+01,NaN,38
2,volume,bem_nca,10000,100,3.051504e-01,9.539954e-03,2.350281e+01,0.000000e+00,24
2,volume,bem_nnca,10000,100,5.603073e-01,9.004750e-03,2.456642e+01,6.380161e-04,26
2,volume,h2m_cheb,10000,100,9.446551e-02,5.429760e-03,3.652538e+01,1.378470e-03,16
2,volume,h2m_ada,10000,100,2.228636e+00,7.143431e-03,4.896632e+01,7.559716e-04,212
2,boundary,bem_proxy,512,512,7.587155e-03,8.156400e-05,3.943710e-01,6.974594e-02,38
2,boundary,bem_nca,512,512,8.231561e-03,1.415580e-04,3.536224e-01,3.114593e-03,39
2,boundary,bem_nnca,512,512,5.524457e-03,8.130700e-05,3.508224e-01,5.622953e-03,40
2,boundary,h2m_cheb,512,512,2.223079e-03,5.262000e-05,1.049187e+00,NaN,16
2,boundary,h2m_ada,512,512,6.476420e-03,5.831000e-05,1.465302e+00,4.957602e-05,61
2,boundary,bem_proxy,1024,1024,1.351270e-02,1.527780e-04,6.808167e-01,2.295107e-02,38
2,boundary,bem_nca,1024,1024,1.254829e-02,1.450130e-04,6.218796e-01,3.537142e-03,37
2,boundary,bem_nnca,1024,1024,8.577481e-03,1.412580e-04,6.046066e-01,5.498319e-03,37
2,boundary,h2m_cheb,1024,1024,4.594617e-03,1.035050e-04,2.148247e+00,NaN,16
2,boundary,h2m_ada,1024,1024,1.900999e-02,1.250170e-04,3.096657e+00,3.362015e-05,112
2,boundary,bem_proxy,2048,2048,2.538539e-02,2.601010e-04,1.174278e+00,1.070885e-02,39
2,boundary,bem_nca,2048,2048,2.087362e-02,2.535470e-04,1.149658e+00,5.671918e-03,38
2,boundary,bem_nnca,2048,2048,1.704878e-02,2.493740e-04,1.125023e+00,1.155131e-02,38
2,boundary,h2m_cheb,2048,2048,8.896520e-03,2.030480e-04,3.959221e+00,NaN,16
2,boundary,h2m_ada,2048,2048,5.320199e-02,3.018880e-04,5.978516e+00,1.877397e-02,111
2,boundary,bem_proxy,4096,4096,5.636141e-02,4.442820e-04,2.125877e+00,5.170178e-03,39
2,boundary,bem_nca,4096,4096,4.858243e-02,4.499560e-04,2.160713e+00,7.893308e-03,37
2,boundary,bem_nnca,4096,4096,3.808563e-02,4.436680e-04,2.122406e+00,1.120982e-02,38
2,boundary,h2m_cheb,4096,4096,1.565071e-02,5.457190e-04,7.507500e+00,NaN,16
2,boundary,h2m_ada,4096,4096,2.584171e-01,7.329240e-04,1.008768e+01,4.715106e-03,113
2,boundary,bem_proxy,10000,10000,1.085382e-01,1.224404e-03,4.068512e+00,NaN,40
2,boundary,bem_nca,10000,10000,1.110679e-01,1.374234e-03,4.540718e+00,0.000000e+00,38
2,boundary,bem_nnca,10000,10000,1.051950e-01,1.300487e-03,4.527161e+00,1.658540e-02,37
2,boundary,h2m_cheb,10000,10000,4.520748e-02,2.536018e-03,1.855676e+01,NaN,16
2,boundary,h2m_ada,10000,10000,4.750762e-01,2.416782e-03,1.449410e+01,1.460784e-02,114
3,volume,bem_proxy,512,8,3.400016e-02,2.584350e-04,3.569809e+00,8.107948e-06,216
3,volume,bem_nca,512,8,1.217657e-02,2.689650e-04,2.288208e+00,1.427603e-06,72
3,volume,bem_nnca,512,8,1.845002e-02,2.678540e-04,2.493294e+00,1.521830e-06,128
3,volume,h2m_cheb,512,8,2.703978e-03,8.761100e-05,2.211586e+00,6.738211e-03,27
3,volume,h2m_ada,512,8,1.370600e-02,1.406220e-04,4.560432e+00,3.688304e-07,317
3,volume,bem_proxy,1728,12,2.247797e-01,2.312917e-03,1.779761e+01,3.535466e-04,216
3,volume,bem_nca,1728,12,7.626776e-02,1.871280e-03,1.090508e+01,1.587258e-02,85
3,volume,bem_nnca,1728,12,2.341498e-01,2.358741e-03,1.490838e+01,4.118038e-03,142
3,volume,h2m_cheb,1728,12,2.000785e-02,1.465781e-03,1.273520e+01,6.044043e-03,27
3,volume,h2m_ada,1728,12,5.232153e-01,4.477682e-03,5.499829e+01,3.350950e-04,1240
3,volume,bem_proxy,4096,16,5.866129e-01,1.126360e-02,6.161240e+01,4.786389e-06,216
3,volume,bem_nca,4096,16,2.118298e-01,8.139929e-03,3.718552e+01,7.485602e-04,65
3,volume,bem_nnca,4096,16,6.986513e-01,8.112610e-03,4.002597e+01,3.633040e-04,76
3,volume,h2m_cheb,4096,16,4.152955e-02,3.362063e-03,3.435788e+01,5.833076e-03,27
3,volume,h2m_ada,4096,16,2.060257e+00,8.515719e-03,1.148510e+02,7.158875e-04,1280
3,volume,bem_proxy,10648,22,1.560831e+00,4.292984e-02,1.941600e+02,NaN,216
3,volume,bem_nca,10648,22,9.084311e-01,2.735771e-02,1.181613e+02,0.000000e+00,92
3,volume,bem_nnca,10648,22,3.099950e+00,3.065319e-02,1.372877e+02,5.399952e-03,108
3,volume,h2m_cheb,10648,22,1.640952e-01,1.439735e-02,1.245474e+02,1.256464e-02,27
3,boundary,bem_proxy,386,8,1.473946e-02,1.582530e-04,1.260605e+00,4.857667e-01,194
3,boundary,bem_nca,386,8,9.835347e-03,2.188300e-04,1.856148e+00,1.644209e-06,208
3,boundary,bem_nnca,386,8,1.050828e-02,2.171070e-04,1.868668e+00,1.612189e-06,211
3,boundary,h2m_cheb,386,8,2.331646e-03,9.487200e-05,1.914452e+00,4.651735e-03,27
3,boundary,h2m_ada,386,8,4.775386e-03,7.647400e-05,1.698181e+00,2.070588e-07,119
3,boundary,bem_proxy,1538,16,1.356007e-01,1.922317e-03,1.404442e+01,5.155794e-07,216
3,boundary,bem_nca,1538,16,4.720560e-02,1.256248e-03,6.980598e+00,1.230133e-03,210
3,boundary,bem_nnca,1538,16,9.110041e-02,1.344908e-03,7.579964e+00,4.033869e-04,234
3,boundary,h2m_cheb,1538,16,1.146333e-02,1.009281e-03,9.509964e+00,NaN,27
3,boundary,h2m_ada,1538,16,2.287611e-01,2.505140e-03,3.370771e+01,2.397626e-04,1052
3,boundary,bem_proxy,3458,24,4.294639e-01,6.223161e-03,3.090736e+01,2.746630e-03,216
3,boundary,bem_nca,3458,24,1.189527e-01,3.526774e-03,1.489177e+01,1.734885e-02,207
3,boundary,bem_nnca,3458,24,2.740063e-01,3.689028e-03,1.680124e+01,1.509718e-02,243
3,boundary,h2m_cheb,3458,24,3.686808e-02,2.278838e-03,2.446941e+01,NaN,27
3,boundary,h2m_ada,3458,24,7.890328e-01,4.387255e-03,5.739935e+01,7.406886e-04,1176
3,boundary,bem_proxy,10088,41,9.824231e-01,1.777038e-02,7.923535e+01,NaN,216
3,boundary,bem_nca,10088,41,4.550219e-01,9.684080e-03,3.643923e+01,0.000000e+00,96
3,boundary,bem_nnca,10088,41,1.008443e+00,1.058326e-02,4.161911e+01,5.283028e-02,128
3,boundary,h2m_cheb,10088,41,8.244819e-02,6.620864e-03,6.812593e+01,NaN,27
