t,p_trixi_0_4_0_0_,p_dibem_0_4_0_0_,p_exact_0_4_0_0_,p_trixi_0_7_0_0_,p_dibem_0_7_0_0_,p_exact_0_7_0_0_,p_trixi_0_5_0_5_,p_dibem_0_5_0_5_,p_exact_0_5_0_5_
0.000000000000e+00,0.000000000000e+00,0.000000000000e+00,0.000000000000e+00,0.000000000000e+00,0.000000000000e+00,0.000000000000e+00,0.000000000000e+00,0.000000000000e+00,0.000000000000e+00
1.000000000000e-02,-1.939299757473e-16,9.679880631538e-11,6.832070124536e-14,-3.773458235785e-26,1.657469630485e-10,6.832370841438e-14,-1.890006300531e-36,1.820822460919e-10,6.832327170330e-14
2.000000000000e-02,-6.983327956840e-15,1.445510388020e-09,3.866328039057e-13,-1.041169441871e-21,1.143320919360e-09,3.866499746330e-13,-2.955904690355e-28,8.795370711153e-10,3.866475032265e-13
3.000000000000e-02,-4.740964941101e-14,3.898287609800e-09,1.272826055107e-12,-3.666126228080e-20,3.133937199925e-09,1.272883586843e-12,-3.679594886695e-26,3.480431822317e-09,1.272875450704e-12
4.000000000000e-02,-1.742325103767e-13,9.767874113851e-09,3.412820280209e-12,-4.079980632438e-19,7.572383429200e-09,3.412979484899e-12,-8.450568202706e-25,9.370351152518e-09,3.412957669443e-12
5.000000000000e-02,-4.150421009883e-13,2.297278394904e-08,8.214515829816e-12,-1.804221724100e-18,1.919775987749e-08,8.214920482538e-12,-6.534486253827e-24,2.226886634479e-08,8.214867973659e-12
6.000000000000e-02,-7.735509428526e-13,5.162204818586e-08,1.847821256245e-11,-2.971899946986e-18,4.572383018046e-08,1.847920894432e-11,-1.573494116018e-23,4.792155579506e-08,1.847909082637e-11
7.000000000000e-02,-1.355105740150e-12,1.070134410194e-07,3.956293640738e-11,2.048111449076e-18,1.012342811565e-07,3.956539684754e-11,1.911260710071e-24,9.801101659825e-08,3.956514394900e-11
8.000000000000e-02,-2.658999976392e-12,2.099788764355e-07,8.133691822745e-11,1.955158801510e-17,2.112285576213e-07,8.134316403356e-11,5.331777892447e-23,1.994940535678e-07,8.134264409281e-11
9.000000000000e-02,-5.602129939591e-12,4.146867243374e-07,1.612690796773e-10,2.933983362894e-17,4.048283254298e-07,1.612856038679e-10,-1.048356253455e-22,3.945319426188e-07,1.612845729449e-10
1.000000000000e-01,-1.162701540288e-11,7.864086849409e-07,3.090537542752e-10,-1.332055171127e-17,7.669210242486e-07,3.090993285479e-10,-6.648313259315e-22,7.568661186116e-07,3.090973528035e-10
1.100000000000e-01,-2.352483161250e-11,1.446200457133e-06,5.730901767723e-10,-1.415456468786e-16,1.408150687968e-06,5.732197608897e-10,-6.507539136176e-22,1.402149531326e-06,5.732160968995e-10
1.200000000000e-01,-4.486953593994e-11,2.566647807999e-06,1.028878579035e-09,-2.483754377154e-16,2.519882733656e-06,1.029252333702e-09,1.720106754957e-21,2.519527280675e-06,1.029245754777e-09
1.300000000000e-01,-8.115986026021e-11,4.419712245407e-06,1.788854063102e-09,-1.259063110838e-16,4.378746622473e-06,1.789930985834e-09,4.137283142961e-21,4.377677878410e-06,1.789919544696e-09
1.400000000000e-01,-1.432804605785e-10,7.376773020302e-06,3.012285549962e-09,3.827729142903e-16,7.365753237099e-06,3.015349756761e-09,-2.339579401249e-21,7.365377594015e-06,3.015330482868e-09
1.500000000000e-01,-2.536190258435e-10,1.195440384460e-05,4.912601297011e-09,9.928009342013e-16,1.200214328255e-05,4.921145415826e-09,-2.243095616552e-20,1.200316370054e-05,4.921113960112e-09
1.600000000000e-01,-4.459878144713e-10,1.879755756616e-05,7.757916101050e-09,8.921768911510e-16,1.894878522544e-05,7.781156603162e-09,-3.271033054251e-20,1.894717108341e-05,7.781106866383e-09
1.700000000000e-01,-7.808438180772e-10,2.868371571683e-05,1.185870579418e-08,-7.647105234513e-16,2.897778858057e-05,1.192021963253e-08,2.130797265904e-21,2.897223437813e-05,1.192014343920e-08
1.800000000000e-01,-1.407969220120e-09,4.245527112678e-05,1.753443826773e-08,-4.257771370314e-15,4.293572972370e-05,1.769268887817e-08,7.107756811965e-20,4.292719152981e-05,1.769257578737e-08
1.900000000000e-01,-2.531892432969e-09,6.095446407078e-05,2.504796070468e-08,-7.735887977718e-15,6.163959770785e-05,2.544352203698e-08,3.115376823121e-20,6.162927201465e-05,2.544335940350e-08
2.000000000000e-01,-4.506397708179e-09,8.489816354674e-05,3.449087096521e-08,-8.346323279249e-15,8.574591491149e-05,3.545169599225e-08,-2.648681322970e-19,8.573488540267e-05,3.545146938680e-08
2.100000000000e-01,-8.047514631941e-09,1.147365099561e-04,4.559123509933e-08,-3.003565456091e-15,1.155842601600e-04,4.786023099238e-08,-7.652337855916e-19,1.155738208942e-04,4.785992507182e-08
2.200000000000e-01,-1.436131002201e-08,1.504992358416e-04,5.738983967457e-08,7.670679830578e-15,1.509809974374e-04,6.260247991094e-08,-9.727229908268e-19,1.509730610697e-04,6.260207975875e-08
2.300000000000e-01,-2.515729694231e-08,1.916763476430e-04,6.768082975686e-08,1.688770741764e-14,1.911172448628e-04,7.933921199147e-08,-5.736456032363e-19,1.911099089588e-04,7.933870485951e-08
2.400000000000e-01,-4.334934266823e-08,2.371691848237e-04,7.201847260801e-08,1.223252185774e-14,2.344340048183e-04,9.742361201365e-08,-3.472648368817e-19,2.344283630608e-04,9.742298928723e-08
2.500000000000e-01,-7.509814291009e-08,2.853085431760e-04,6.192627255164e-08,-2.702401871828e-14,2.786692676255e-04,1.159099802595e-07,-3.643213621929e-18,2.786669394723e-04,1.159092393689e-07
2.600000000000e-01,-1.276288716491e-07,3.339853807914e-04,2.166853713850e-08,-1.143452102078e-13,3.210018396217e-04,1.336158157684e-07,-1.420226687466e-17,3.210031698428e-04,1.336149617010e-07
2.700000000000e-01,-2.128432820020e-07,3.808548333038e-04,-7.749543041399e-08,-2.578682671562e-13,3.583251624436e-04,1.492366340660e-07,-3.376940874455e-17,3.583288761333e-04,1.492356801512e-07
2.800000000000e-01,-3.551622862514e-07,4.235782384374e-04,-2.873262932658e-07,-4.610292276012e-13,3.876200774178e-04,1.615004122581e-07,-6.214359417498e-17,3.876159448125e-04,1.614993799531e-07
2.900000000000e-01,-5.875481525602e-07,4.600268265662e-04,-6.996250999576e-07,-7.136843714033e-13,4.063411502335e-04,1.693372404472e-07,-1.064995276987e-16,4.063203159004e-04,1.693361580466e-07
3.000000000000e-01,-9.577076867737e-07,4.883835793932e-04,-1.474374773974e-06,-1.015258371456e-12,4.127967679623e-04,1.720330903128e-07,-2.081554582058e-16,4.127453734403e-04,1.720319906817e-07
3.100000000000e-01,-1.550214524499e-06,5.070644584213e-04,-2.884952206633e-06,-1.398548600751e-12,4.063924512530e-04,1.693371200358e-07,-4.839355809492e-16,4.062944194249e-04,1.693360376374e-07
3.200000000000e-01,-2.518264358239e-06,5.144330011107e-04,-5.388642648243e-06,-1.991138320802e-12,3.877283429968e-04,1.615001714377e-07,-1.207661255529e-15,3.875583055533e-04,1.614991391298e-07
3.300000000000e-01,-4.045221130232e-06,5.083276881603e-04,-9.733277877909e-06,-3.057899372446e-12,3.585011601505e-04,1.492362728369e-07,-2.767544363657e-15,3.582295609768e-04,1.492353189182e-07
3.400000000000e-01,-6.425960750973e-06,4.854622143004e-04,-1.711335022421e-05,-5.116045808156e-12,3.212557597496e-04,1.336153341291e-07,-5.825161849841e-15,3.208417094818e-04,1.336144800590e-07
3.500000000000e-01,-1.030663474437e-05,4.408097710574e-04,-2.939072724790e-05,-9.463761509796e-12,2.790180770313e-04,1.159093782125e-07,-1.223744136737e-14,2.784174041299e-04,1.159086373134e-07
3.600000000000e-01,-1.641949702687e-05,3.670969483923e-04,-4.939498170005e-05,-1.795557769387e-11,2.348900696072e-04,9.742288955726e-08,-2.576310876272e-14,2.340577584633e-04,9.742226681890e-08
3.700000000000e-01,-2.591574429983e-05,2.545368171443e-04,-8.131476617900e-05,-3.345840442037e-11,1.916836764391e-04,7.933836912469e-08,-5.470153466239e-14,1.905805175066e-04,7.933786197387e-08
3.800000000000e-01,-4.091861642990e-05,9.088381389640e-05,-1.311826169454e-04,-6.104212665927e-11,1.516474245215e-04,6.260151663566e-08,-1.191280938928e-13,1.502502819697e-04,6.260111643977e-08
3.900000000000e-01,-6.464705571971e-05,-1.381199683684e-04,-2.074389490622e-04,-1.080171338877e-10,1.163119621231e-04,4.785914730477e-08,-2.621563987777e-13,1.146241470891e-04,4.785884125762e-08
4.000000000000e-01,-1.009835968882e-04,-4.479143046248e-04,-3.215350638292e-04,-1.828675801292e-10,8.647017842985e-05,3.545049189665e-08,-5.560067993035e-13,8.453649181849e-05,3.545026484192e-08
4.100000000000e-01,-1.559248907583e-04,-8.539691324346e-04,-4.884991467945e-04,-2.993866110380e-10,6.225774993886e-05,2.544219752722e-08,-1.136586773644e-12,6.017881252438e-05,2.544203330218e-08
4.200000000000e-01,-2.411684240750e-04,-1.370386346093e-03,-7.273450734211e-04,-4.892603253948e-10,4.330500794105e-05,1.769124394645e-08,-2.350194623239e-12,4.125996253303e-05,1.769112531360e-08
4.300000000000e-01,-3.667672391222e-04,-2.008363138702e-03,-1.061156172542e-03,-7.939077195484e-10,2.890698564587e-05,1.191865423335e-08,-4.740058945613e-12,2.716943948074e-05,1.191855932154e-08
4.400000000000e-01,-5.475478720402e-04,-2.774661045354e-03,-1.516633786823e-03,-1.290550911705e-09,1.820273175722e-05,7.779470583131e-09,-9.363273606163e-12,1.715592290917e-05,7.779359690542e-09
4.500000000000e-01,-8.089218020718e-04,-3.670170676037e-03,-2.122876573888e-03,-2.146082085577e-09,1.031548809288e-05,4.919338215580e-09,-1.875597856130e-11,1.046111686470e-05,4.919113665178e-09
4.600000000000e-01,-1.174290957895e-03,-4.688722278491e-03,-2.909167272256e-03,-3.605966737247e-09,4.458318624734e-06,3.013419441010e-09,-3.760523459266e-11,6.420106117509e-06,3.012810953579e-09
4.700000000000e-01,-1.666645133416e-03,-5.816191778873e-03,-3.901606048013e-03,-6.000979749438e-09,-8.194207761733e-09,1.787871131743e-09,-7.402606804334e-11,4.506353250065e-06,1.786121334541e-09
4.800000000000e-01,-2.317783794184e-03,-7.030012612468e-03,-5.118556990646e-03,-9.859210904995e-09,-3.542728681509e-06,1.027042347508e-09,-1.442578568953e-10,4.358724118832e-06,1.022074714010e-09
4.900000000000e-01,-3.165775670134e-03,-8.299139425658e-03,-6.565071385849e-03,-1.606101917740e-08,-6.418182607696e-06,5.707959400272e-10,-2.848368739274e-10,5.767812368391e-06,5.570889431003e-10
5.000000000000e-01,-4.218474399329e-03,-9.584484729822e-03,-8.226708022164e-03,-2.550546585009e-08,-8.726548239691e-06,3.062715255552e-10,-5.519801771360e-10,8.636795335222e-06,2.696118682924e-10
5.100000000000e-01,-5.486352873513e-03,-1.083985889294e-02,-1.006345801329e-02,-3.968080602964e-08,-1.040731136411e-05,1.575057670577e-10,-1.049095100292e-09,1.297946233152e-05,6.247011001836e-11
5.200000000000e-01,-6.983690519136e-03,-1.201337472014e-02,-1.200475044123e-02,-6.207666408256e-08,-1.126160157827e-05,7.508520530431e-11,-2.033561490506e-09,1.885780454497e-05,-1.638552418427e-10
5.300000000000e-01,-8.665599478485e-03,-1.304928826096e-02,-1.394670050176e-02,-9.755722960605e-08,-1.097406611958e-05,2.672137301346e-11,-3.914270907129e-09,2.634599607452e-05,-5.563423931163e-10
5.400000000000e-01,-1.047861935036e-02,-1.389020556225e-02,-1.575279269151e-02,-1.546824340698e-07,-9.141480461732e-06,-1.164739851070e-11,-7.424946223384e-09,3.549616846394e-05,-1.393653115578e-09
5.500000000000e-01,-1.234539236027e-02,-1.447955472689e-02,-1.725900638456e-02,-2.505287209683e-07,-5.306290869934e-06,-6.615584256239e-11,-1.411404022093e-08,4.629566777246e-05,-3.250573789078e-09
5.600000000000e-01,-1.414194258331e-02,-1.476422964332e-02,-1.828395661540e-02,-4.147537514473e-07,1.010673861690e-06,-1.810390320373e-10,-2.706160254605e-08,5.861919446356e-05,-7.320162566618e-09
5.700000000000e-01,-1.573508479257e-02,-1.469726039200e-02,-1.864395153506e-02,-6.846760619343e-07,1.026475995503e-05,-4.491364147482e-10,-5.105025166256e-08,7.219419364800e-05,-1.603483034868e-08
5.800000000000e-01,-1.697833699530e-02,-1.424039541874e-02,-1.817202925426e-02,-1.115937574664e-06,2.283708023486e-05,-1.074120723534e-09,-9.461273186755e-08,8.654884667511e-05,-3.423630184044e-08
5.900000000000e-01,-1.765173054211e-02,-1.336644837517e-02,-1.673915641063e-02,-1.817624074156e-06,3.897413735153e-05,-2.497791614423e-09,-1.785575516818e-07,1.009678006764e-04,-7.132430653406e-08
6.000000000000e-01,-1.764663489224e-02,-1.206128642954e-02,-1.427501563880e-02,-2.879004241065e-06,5.872426267300e-05,-5.655356748003e-09,-3.306838887506e-07,1.144428340360e-04,-1.451019982143e-07
6.100000000000e-01,-1.684411942406e-02,-1.032534834664e-02,-1.078535735992e-02,-4.430667790816e-06,8.186652723941e-05,-1.247429333996e-08,-5.997942828755e-07,1.256290142651e-04,-2.884816926351e-07
6.200000000000e-01,-1.509707379117e-02,-8.174593185764e-03,-6.362892964331e-03,-6.700473875568e-06,1.078410592989e-04,-2.682322330229e-08,-1.088269412590e-06,1.328024794560e-04,-5.608774209764e-07
6.300000000000e-01,-1.239843384778e-02,-5.640814841385e-03,-1.189242745048e-03,-9.954067831688e-06,1.356792033838e-04,-5.626900112248e-08,-1.959255097526e-06,1.338281510420e-04,-1.067054601814e-06
6.400000000000e-01,-8.821833080792e-03,-2.771283993158e-03,4.473495888665e-03,-1.454485232573e-05,1.639446796610e-04,-1.152456389778e-07,-3.452486956811e-06,1.261372540742e-04,-1.987482911394e-06
6.500000000000e-01,-4.452181523995e-03,3.722945776624e-04,1.030155659296e-02,-2.112386475762e-05,1.906806090709e-04,-2.306221436335e-07,-5.988717354661e-06,1.067196564560e-04,-3.625855067178e-06
6.600000000000e-01,5.497093100386e-04,3.715472865804e-03,1.593708958571e-02,-3.103183189162e-05,2.133775554550e-04,-4.512333828557e-07,-1.039683221117e-05,7.213674135164e-05,-6.481311839628e-06
6.700000000000e-01,5.889436406273e-03,7.173348321487e-03,2.102145703636e-02,-4.590978669738e-05,2.289608685847e-04,-8.637705993766e-07,-1.764947660971e-05,1.855191827989e-05,-1.135481956035e-05
6.800000000000e-01,1.130310098686e-02,1.065335486788e-02,2.523011511721e-02,-6.849741591225e-05,2.338047723746e-04,-1.618571545233e-06,-2.927908944388e-05,-5.820315152571e-05,-1.950061978654e-05
6.900000000000e-01,1.645791785466e-02,1.405844216755e-02,2.830453790286e-02,-1.045172915013e-04,2.237747467929e-04,-2.970328676908e-06,-4.839160199714e-05,-1.625457593198e-04,-3.283395067753e-05
7.000000000000e-01,2.104832718845e-02,1.729051551869e-02,3.007695662051e-02,-1.605502587698e-04,1.943043928381e-04,-5.340500230847e-06,-7.845726738283e-05,-2.990172180869e-04,-5.420422554170e-05
7.100000000000e-01,2.483142175611e-02,2.025397387425e-02,3.048470747665e-02,-2.454981873026e-04,1.405046823177e-04,-9.410087119967e-06,-1.242231907780e-04,-4.721316824526e-04,-8.773714028179e-05
7.200000000000e-01,2.755392297989e-02,2.285921073507e-02,2.957252429288e-02,-3.736771255258e-04,5.731093695277e-05,-1.625305209278e-05,-1.935201552537e-04,-6.861931473826e-04,-1.392382166999e-04
7.300000000000e-01,2.903979668519e-02,2.502590780591e-02,2.748289759650e-02,-5.643555841914e-04,-6.034082085943e-05,-2.752135696269e-05,-2.974036165318e-04,-9.450760863873e-04,-2.166327087568e-04
7.400000000000e-01,2.930877516775e-02,2.668599362818e-02,2.443632643406e-02,-8.337720456885e-04,-2.173038290097e-04,-4.569140530555e-05,-4.461574644924e-04,-1.251988321244e-03,-3.303919603460e-04
7.500000000000e-01,2.838934473347e-02,2.778613561505e-02,2.070461648676e-02,-1.202537825435e-03,-4.179853634968e-04,-7.437731207794e-05,-6.537365384278e-04,-1.609204874882e-03,-4.938649924613e-04
7.600000000000e-01,2.628918908947e-02,2.828965601622e-02,1.658111885235e-02,-1.707644017186e-03,-6.660940790663e-04,-1.187073869932e-04,-9.468460504141e-04,-2.017790365485e-03,-7.233993148198e-04
7.700000000000e-01,2.331375871791e-02,2.817781247424e-02,1.235187425131e-02,-2.358545950944e-03,-9.643752317471e-04,-1.857450937853e-04,-1.338421792395e-03,-2.477321832649e-03,-1.038102571083e-03
7.800000000000e-01,1.968060034995e-02,2.745038348895e-02,8.271076630785e-03,-3.170215060532e-03,-1.314344489589e-03,-2.849136427278e-04,-1.847767538960e-03,-2.985609110796e-03,-1.459075607605e-03
7.900000000000e-01,1.562370093237e-02,2.612554508698e-02,4.543258344001e-03,-4.160661004450e-03,-1.716034828093e-03,-4.283545767870e-04,-2.502934326905e-03,-3.538441735535e-03,-2.007949435251e-03
8.000000000000e-01,1.143946979444e-02,2.423907681904e-02,1.313353301781e-03,-5.320244423122e-03,-2.167754789828e-03,-6.311174441283e-04,-3.318451179919e-03,-4.129365241717e-03,-2.704595813956e-03
8.100000000000e-01,7.369663224418e-03,2.184292869542e-02,-1.335444862597e-03,-6.619193716365e-03,-2.665896022798e-03,-9.110447646885e-04,-4.295313821457e-03,-4.749510266189e-03,-3.563964446550e-03
8.200000000000e-01,3.617292416745e-03,1.900322981176e-02,-3.377141113957e-03,-8.019265281947e-03,-3.204771545817e-03,-1.288191858020e-03,-5.433522563148e-03,-5.387479167947e-03,-4.592133953311e-03
8.300000000000e-01,3.828083795441e-04,1.579785254766e-02,-4.833509294262e-03,-9.453599705860e-03,-3.776517185850e-03,-1.783615299717e-03,-6.721665850527e-03,-6.029313660778e-03,-5.781843968183e-03
8.400000000000e-01,-2.273357369443e-03,1.231362595894e-02,-5.761860367231e-03,-1.083107433187e-02,-4.371059908883e-03,-2.417388900890e-03,-8.107380765611e-03,-6.658557292303e-03,-7.107983558619e-03
8.500000000000e-01,-4.311139670770e-03,8.643353433606e-03,-6.242021786140e-03,-1.205559811527e-02,-4.976160139376e-03,-3.205773334053e-03,-9.533931205440e-03,-7.256416098036e-03,-8.523713709511e-03
8.600000000000e-01,-5.688487335081e-03,4.882731223815e-03,-6.364192737281e-03,-1.298815163236e-02,-5.577534196668e-03,-4.157581649709e-03,-1.091304555822e-02,-7.802032901474e-03,-9.958053191946e-03
8.700000000000e-01,-6.495297765385e-03,1.127328756846e-03,-6.218832910351e-03,-1.351613672267e-02,-6.159067600514e-03,-5.269946291260e-03,-1.213426283225e-02,-8.272883182419e-03,-1.131580594566e-02
8.800000000000e-01,-6.823083748007e-03,-2.530274624564e-03,-5.889194091716e-03,-1.354303774530e-02,-6.703109045331e-03,-6.523890028839e-03,-1.308641908534e-02,-8.645285435260e-03,-1.248060681342e-02
8.900000000000e-01,-6.753165998706e-03,-6.003090699683e-03,-5.446610243960e-03,-1.295609366047e-02,-7.190849388365e-03,-7.880305496954e-03,-1.363151351690e-02,-8.895032010150e-03,-1.332158164289e-02
9.000000000000e-01,-6.392495919427e-03,-9.211976664134e-03,-4.948284929287e-03,-1.166861323415e-02,-7.602782978346e-03,-9.277114487334e-03,-1.362015091697e-02,-8.998121099940e-03,-1.370365915453e-02
9.100000000000e-01,-5.858965183567e-03,-1.208747490020e-02,-4.437080670468e-03,-9.704009318681e-03,-7.919234018927e-03,-1.062845932515e-02,-1.298205443839e-02,-8.931593367985e-03,-1.350097779544e-02
9.200000000000e-01,-5.233890511648e-03,-1.457122568187e-02,-3.942717769765e-03,-7.085783622298e-03,-8.120944704808e-03,-1.182672607592e-02,-1.164808908295e-02,-8.674419548733e-03,-1.261218529663e-02
9.300000000000e-01,-4.588734796810e-03,-1.661691512775e-02,-3.483803698000e-03,-3.836485666602e-03,-8.189698166579e-03,-1.274797803276e-02,-9.514808213225e-03,-8.208461760946e-03,-1.097584908161e-02
9.400000000000e-01,-3.977727348595e-03,-1.819079093741e-02,-3.070201816014e-03,-1.455253840516e-04,-8.108974405771e-03,-1.326097975118e-02,-6.679909338526e-03,-7.519430681688e-03,-8.583812513732e-03
9.500000000000e-01,-3.429349436879e-03,-1.927177148513e-02,-2.705372853045e-03,3.825298611874e-03,-7.864604213059e-03,-1.323944601202e-02,-3.228995042251e-03,-6.597833666404e-03,-5.490261092106e-03
9.600000000000e-01,-2.963063367958e-03,-1.985118283893e-02,-2.388453422637e-03,7.881360333136e-03,-7.445403770221e-03,-1.257652701831e-02,7.218442667201e-04,-5.439862308976e-03,-1.814575304581e-03
9.700000000000e-01,-2.580087295141e-03,-1.993221786963e-02,-2.115951612458e-03,1.178049369997e-02,-6.843772830446e-03,-1.119994706364e-02,4.949289025824e-03,-4.048177148474e-03,2.263255242118e-03
9.800000000000e-01,-2.269504182002e-03,-1.952914107137e-02,-1.883028958793e-03,1.531664634704e-02,-6.056231370808e-03,-9.085774374764e-03,9.208882264110e-03,-2.432567126289e-03,6.514877782531e-03
9.900000000000e-01,-2.020919047431e-03,-1.866634226463e-02,-1.684397850389e-03,1.829345093385e-02,-5.083854947950e-03,-6.268634443719e-03,1.325833840732e-02,-6.104088131631e-04,1.068254747215e-02
1.000000000000e+00,-1.823303901804e-03,-1.737728407239e-02,-1.514896314211e-03,2.048084976201e-02,-3.932625134952e-03,-2.846372338422e-03,1.679611743501e-02,1.393072129724e-03,1.450278273917e-02
1.010000000000e+00,-1.659273024882e-03,-1.570340568458e-02,-1.369814053449e-03,2.182737741538e-02,-2.613639253771e-03,1.022255835161e-03,1.963797361228e-02,3.544813050938e-03,1.773182015070e-02
1.020000000000e+00,-1.519074470462e-03,-1.369301955193e-02,-1.245041295422e-03,2.228142940342e-02,-1.143182928961e-03,5.127380098601e-03,2.162592768254e-02,5.804179768605e-03,2.016957614940e-02
1.030000000000e+00,-1.396125319091e-03,-1.140024900135e-02,-1.137101651047e-03,2.177992262236e-02,4.573495156719e-04,9.224721069197e-03,2.257942166424e-02,8.123543853662e-03,2.167894703738e-02
1.040000000000e+00,-1.284579695090e-03,-8.883996435608e-03,-1.043116617064e-03,2.043684601158e-02,2.161693590920e-03,1.305751100575e-02,2.251409946239e-02,1.044916034332e-02,2.219792761522e-02
1.050000000000e+00,-1.181896549735e-03,-6.206962865846e-03,-9.607358184915e-04,1.839031697780e-02,3.939118391478e-03,1.638102849365e-02,2.150700247891e-02,1.272233783157e-02,2.174309171127e-02
1.060000000000e+00,-1.087523450632e-03,-3.434692693697e-03,-8.880554176681e-04,1.577431302425e-02,5.754992789032e-03,1.898661274338e-02,1.964301318227e-02,1.488089992508e-02,2.040426151419e-02
1.070000000000e+00,-1.001749324585e-03,-6.346279773359e-04,-8.235380425123e-04,1.277615562578e-02,7.571490776400e-03,2.072199170155e-02,1.708670383654e-02,1.686090784773e-02,1.833146389348e-02
1.080000000000e+00,-9.241614392884e-04,2.124870993107e-03,-7.659411281805e-04,9.616373282773e-03,9.348455951021e-03,2.150524886371e-02,1.409605088522e-02,1.859857911450e-02,1.571630719447e-02
1.090000000000e+00,-8.546707544644e-04,4.775545711787e-03,-7.142563512987e-04,6.468553675722e-03,1.104436827677e-02,2.133068664964e-02,1.087839572631e-02,2.003238934305e-02,1.277054370800e-02
1.100000000000e+00,-7.934309379495e-04,7.250387226020e-03,-6.676603443604e-04,3.522711881061e-03,1.261741479320e-02,2.026605141477e-02,7.656973177958e-03,2.110525848175e-02,9.704730999901e-03
1.110000000000e+00,-7.387556419405e-04,9.484849612003e-03,-6.254755937534e-04,9.040593836010e-04,1.402662411748e-02,1.844184654709e-02,4.630545874598e-03,2.176675998916e-02,6.709586973967e-03
1.120000000000e+00,-6.894107420363e-04,1.141823549505e-02,-5.871399143459e-04,-1.303055777633e-03,1.523304646810e-02,1.603455088312e-02,1.933530132503e-03,2.197527818116e-02,3.941951778204e-03
1.130000000000e+00,-6.443420509462e-04,1.299518352223e-02,-5.521828308753e-04,-3.021373321864e-03,1.620092088772e-02,1.324629760324e-02,-3.140973841783e-04,2.170001002803e-02,1.516383081555e-03
1.140000000000e+00,-6.023366151115e-04,1.416726514104e-02,-5.202073590951e-04,-4.237497854552e-03,1.689882729210e-02,1.028384966489e-02,-2.060043923836e-03,2.092275434378e-02,-4.975040985048e-04
1.150000000000e+00,-5.625267467951e-04,1.489465319930e-02,-4.908759291953e-04,-5.000480424136e-03,1.730073780961e-02,7.339521745485e-03,-3.329567726291e-03,1.963936763933e-02,-2.072629710432e-03
1.160000000000e+00,-5.246248934562e-04,1.514778467768e-02,-4.638994528581e-04,-5.354401133541e-03,1.738699879216e-02,4.576123986049e-03,-4.152080021447e-03,1.786083193169e-02,-3.218201533336e-03
1.170000000000e+00,-4.888886809545e-04,1.490897424847e-02,-4.390287660932e-04,-5.346109720761e-03,1.714514147039e-02,2.117181649984e-03,-4.562043830992e-03,1.561386208029e-02,-3.971124797585e-03
1.180000000000e+00,-4.555472612363e-04,1.417385195564e-02,-4.160478694393e-04,-5.090853446829e-03,1.657052076671e-02,4.278714073511e-05,-4.675701510130e-03,1.294098840252e-02,-4.386560160204e-03
1.190000000000e+00,-4.251059615642e-04,1.295256057362e-02,-3.947685348687e-04,-4.664777071199e-03,1.566676665006e-02,-1.609372843112e-03,-4.568208858416e-03,9.900083785856e-03,-4.528901781762e-03
1.200000000000e+00,-3.983339301629e-04,1.127058150125e-02,-3.750259601935e-04,-4.138060779990e-03,1.444599890868e-02,-2.838881138404e-03,-4.305640710262e-03,6.563311028373e-03,-4.464094666685e-03
1.210000000000e+00,-3.754740981444e-04,9.169124123732e-03,-3.566752341354e-04,-3.584267647742e-03,1.292880519939e-02,-3.674751402173e-03,-3.962807141625e-03,3.015489757948e-03,-4.253811846140e-03
1.220000000000e+00,-3.564517010229e-04,6.704952162368e-03,-3.395884353916e-04,-3.051619486117e-03,1.114396740932e-02,-4.166360700103e-03,-3.589034170854e-03,-6.480896976876e-04,-3.951641163762e-03
1.230000000000e+00,-3.411238282043e-04,3.949619335867e-03,-3.236522327925e-04,-2.574463973024e-03,9.127941332599e-03,-4.374466281571e-03,-3.217190288871e-03,-4.324349053931e-03,-3.601138691421e-03
1.240000000000e+00,-3.290108289984e-04,9.880364866871e-04,-3.087658855506e-04,-2.176528314363e-03,6.924081893995e-03,-4.363305318979e-03,-2.870305331568e-03,-7.905553496625e-03,-3.235414878646e-03
1.250000000000e+00,-3.190565136036e-04,-2.083621704465e-03,-2.948395659806e-04,-1.857348307687e-03,4.581647512641e-03,-4.194394121599e-03,-2.555710959615e-03,-1.128278266507e-02,-2.877830476196e-03
1.260000000000e+00,-3.103888771443e-04,-5.160671181641e-03,-2.817929443742e-04,-1.612590900586e-03,2.154589033325e-03,-3.922269485476e-03,-2.275057745161e-03,-1.434961144595e-02,-2.543375190333e-03
1.270000000000e+00,-3.020687201612e-04,-8.133252082246e-03,-2.695539886573e-04,-1.436240927340e-03,-2.998276433813e-04,-3.592105411634e-03,-2.028623249006e-03,-1.700591976224e-02,-2.240357168757e-03
1.280000000000e+00,-2.932116152878e-04,-1.089016547231e-02,-2.580579412503e-04,-1.307695252866e-03,-2.722564186533e-03,-3.238923789950e-03,-1.809499373071e-03,-1.916164182129e-02,-1.972118497458e-03
1.290000000000e+00,-2.832821063137e-04,-1.332308516238e-02,-2.472464430538e-04,-1.211807253699e-03,-5.054415304021e-03,-2.888003897047e-03,-1.613404896310e-03,-2.074034816186e-02,-1.738587372931e-03
1.300000000000e+00,-2.719166462875e-04,-1.533095642105e-02,-2.370667802891e-04,-1.135973097302e-03,-7.237698991764e-03,-2.556070234550e-03,-1.438194125046e-03,-2.168247195309e-02,-1.537564609225e-03
1.310000000000e+00,-2.591145824786e-04,-1.682443888716e-02,-2.274712344606e-04,-1.068496930931e-03,-9.217916286833e-03,-2.252878021509e-03,-1.282017812962e-03,-2.194808870665e-02,-1.365711025691e-03
1.320000000000e+00,-2.452512573753e-04,-1.773013973553e-02,-2.184165192994e-04,-1.002125354456e-03,-1.094538473461e-02,-1.982893856420e-03,-1.143101848373e-03,-2.151906950863e-02,-1.219249765132e-03
1.330000000000e+00,-2.307962941121e-04,-1.799446245887e-02,-2.098632913934e-04,-9.335792552479e-04,-1.237674164115e-02,-1.746861401641e-03,-1.021289237942e-03,-2.040052463108e-02,-1.094425015362e-03
1.340000000000e+00,-2.164313725729e-04,-1.758685554456e-02,-2.017757235073e-04,-8.620865785190e-04,-1.347630362581e-02,-1.543130016384e-03,-9.179002990239e-04,-1.862144051079e-02,-9.877698780111e-04
1.350000000000e+00,-2.028474993001e-04,-1.650224104399e-02,-1.941211314371e-04,-7.896831608784e-04,-1.421722659607e-02,-1.368696747547e-03,-8.305535758003e-04,-1.623443895747e-02,-8.962361204903e-04
1.360000000000e+00,-1.906034271805e-04,-1.476250100049e-02,-1.868696467514e-04,-7.189317637099e-04,-1.458239839129e-02,-1.219964188350e-03,-7.580071937901e-04,-1.331464663292e-02,-8.172318893052e-04
1.370000000000e+00,-1.802806961183e-04,-1.241684401648e-02,-1.799939289985e-04,-6.530489007692e-04,-1.456507589780e-02,-1.093248617926e-03,-6.991379598083e-04,-9.957659651998e-03,-7.486038741128e-04
1.380000000000e+00,-1.721014287174e-04,-9.541008135910e-03,-1.734689119643e-04,-5.944582916972e-04,-1.416919608345e-02,-9.850878068150e-04,-6.508631201562e-04,-6.276651084786e-03,-6.885904719632e-04
1.390000000000e+00,-1.660008931506e-04,-6.235227341522e-03,-1.672715794036e-04,-5.441501909254e-04,-1.340937110216e-02,-8.924005221692e-04,-6.101729591055e-04,-2.398723614186e-03,-6.357637203003e-04
1.400000000000e+00,-1.618372383105e-04,-2.621025185639e-03,-1.613807663533e-04,-5.025230128173e-04,-1.231055045371e-02,-8.125447417887e-04,-5.746848335713e-04,1.539430967282e-03,-5.889708120579e-04
1.410000000000e+00,-1.592761143629e-04,1.163107625754e-03,-1.557769827145e-04,-4.690712017388e-04,-1.090735906320e-02,-7.433127901303e-04,-5.421219517798e-04,5.396360218759e-03,-5.472809714503e-04
1.420000000000e+00,-1.576643903007e-04,4.966983804118e-03,-1.504422562688e-04,-4.415038671121e-04,-9.243116519588e-03,-6.828918669718e-04,-5.105796689432e-04,9.031054224387e-03,-5.099401250822e-04
1.430000000000e+00,-1.564629402935e-04,8.634769378178e-03,-1.453599926996e-04,-4.179717675891e-04,-7.368582254784e-03,-6.298094962551e-04,-4.791264415044e-04,1.230826233265e-02,-4.763337835683e-04
1.440000000000e+00,-1.550759651108e-04,1.201153169694e-02,-1.405148505289e-04,-3.966560481548e-04,-5.340445756700e-03,-5.828761341850e-04,-4.473767868832e-04,1.510379616648e-02,-4.459574737203e-04
1.450000000000e+00,-1.530003989865e-04,1.495002568228e-02,-1.358926291658e-04,-3.757803163510e-04,-3.219622685995e-03,-5.411317667418e-04,-4.156130941332e-04,1.730952619128e-02,-4.183936021799e-04
1.460000000000e+00,-1.499283496228e-04,1.731740129894e-02,-1.314801685083e-04,-3.544821879286e-04,-1.069397429259e-03,-5.037996433254e-04,-3.844648411226e-04,1.883792347197e-02,-3.932935366422e-04
1.470000000000e+00,-1.456385008796e-04,1.900152602528e-02,-1.272652587469e-04,-3.324873691971e-04,1.046531771091e-03,-4.702480029206e-04,-3.548441879159e-04,1.962589617096e-02,-3.703637856501e-04
1.480000000000e+00,-1.401232579016e-04,1.991659244883e-02,-1.232365591948e-04,-3.102203690979e-04,3.066003119114e-03,-4.399593781117e-04,-3.277941496141e-04,1.963778589041e-02,-3.493553314180e-04
1.490000000000e+00,-1.336433975098e-04,2.000772383213e-02,-1.193835251204e-04,-2.885406974645e-04,4.930340119320e-03,-4.125064733804e-04,-3.039259773712e-04,1.886734853718e-02,-3.300553586962e-04
1.500000000000e+00,-1.264970981392e-04,1.925434092288e-02,-1.156963416890e-04,-2.684058001078e-04,6.586156476898e-03,-3.875334410917e-04,-2.837167984835e-04,1.733862036618e-02,-3.122807946030e-04
1.510000000000e+00,-1.190931635335e-04,1.767206256533e-02,-1.121658642303e-04,-2.510999031046e-04,7.987023459727e-03,-3.647414312367e-04,-2.677511051782e-04,1.510558189559e-02,-2.958732173327e-04
1.520000000000e+00,-1.119251790086e-04,1.531302335512e-02,-1.087835641460e-04,-2.370564743400e-04,9.094897328679e-03,-3.438774454761e-04,-2.554236439267e-04,1.225062123770e-02,-2.806948040872e-04
1.530000000000e+00,-1.053834045325e-04,1.226450864438e-02,-1.055414798545e-04,-2.264840877216e-04,9.881272452218e-03,-3.247257090718e-04,-2.462527465715e-04,8.881808403663e-03,-2.666250738571e-04
1.540000000000e+00,-9.987276487983e-05,8.645957202906e-03,-1.024321722406e-04,-2.193425613833e-04,1.032802549318e-02,-3.071009476314e-04,-2.396358720426e-04,5.129065916108e-03,-2.535582438863e-04
1.550000000000e+00,-9.562074711146e-05,4.604390427577e-03,-9.944868414278e-05,-2.147960679541e-04,1.042791717180e-02,-2.908431028982e-04,-2.345308461858e-04,1.139353621902e-03,-2.414010648971e-04
1.560000000000e+00,-9.265042013729e-05,3.084520668894e-04,-9.658450346296e-05,-2.117335198425e-04,1.018472906037e-02,-2.758131392538e-04,-2.299621925753e-04,-2.928941174623e-03,-2.300710337953e-04
1.570000000000e+00,-9.092554438772e-05,-4.058706933130e-03,-9.383352953245e-05,-2.090597656894e-04,9.613036831223e-03,-2.618896824472e-04,-2.251063507842e-04,-6.912217791647e-03,-2.194949070660e-04
1.580000000000e+00,-9.029892944611e-05,-8.307384815762e-03,-9.119004240860e-05,-2.055374849753e-04,8.737615289667e-03,-2.489662990326e-04,-2.191613338401e-04,-1.064821798146e-02,-2.096074560013e-04
1.590000000000e+00,-9.036784278895e-05,-1.224977528984e-02,-8.864867481304e-05,-2.003590286154e-04,7.592539788253e-03,-2.369492741246e-04,-2.117727390966e-04,-1.398267562682e-02,-2.003504181332e-04
1.600000000000e+00,-9.078903642880e-05,-1.570853746973e-02,-8.620438645432e-05,-1.930722631400e-04,6.219942267167e-03,-2.257557808596e-04,-2.027972153114e-04,-1.677576897598e-02,-1.916716091183e-04
1.610000000000e+00,-9.116703650156e-05,-1.852503883194e-02,-8.385244050565e-05,-1.834380209210e-04,4.668537520116e-03,-2.153123609744e-04,-1.922367583959e-04,-1.890810550994e-02,-1.835241667808e-04
1.620000000000e+00,-9.112611024420e-05,-2.056693578311e-02,-8.158838203306e-05,-1.719912972314e-04,2.991939608887e-03,-2.055536549299e-04,-1.805786828210e-04,-2.028598425378e-02,-1.758659047056e-04
1.630000000000e+00,-9.041530662660e-05,-2.173465600476e-02,-7.940801819086e-05,-1.594717147989e-04,1.246818091072e-03,-1.964213340011e-04,-1.683820948673e-04,-2.084567702486e-02,-1.686587571796e-04
1.640000000000e+00,-8.883456730839e-05,-2.196650293146e-02,-7.730740002072e-05,-1.467750999054e-04,-5.090018506636e-04,-1.878631971686e-04,-1.562844109996e-04,-2.055654318127e-02,-1.618683007021e-04
1.650000000000e+00,-8.630634890503e-05,-2.124207595358e-02,-7.528280570729e-05,-1.350059012284e-04,-2.218474188178e-03,-1.798324034769e-04,-1.450364397868e-04,-1.942281881632e-02,-1.554633399959e-04
1.660000000000e+00,-8.296986515064e-05,-1.958383525140e-02,-7.333072515858e-05,-1.249793466491e-04,-3.827195545831e-03,-1.722868164876e-04,-1.351700367962e-04,-1.748395016816e-02,-1.494155485963e-04
1.670000000000e+00,-7.899508764343e-05,-1.705668763493e-02,-7.144784579248e-05,-1.172867964068e-04,-5.285156565709e-03,-1.651884420444e-04,-1.270924615255e-04,-1.481346806465e-02,-1.436991558148e-04
1.680000000000e+00,-7.462123482886e-05,-1.376558182244e-02,-6.963103942270e-05,-1.125060018002e-04,-6.548316888808e-03,-1.585029441418e-04,-1.212519850997e-04,-1.151638341065e-02,-1.382906732635e-04
1.690000000000e+00,-7.020919000535e-05,-9.851199835404e-03,-6.787735014783e-05,-1.102939419711e-04,-7.579931491952e-03,-1.521992264927e-04,-1.174535495390e-04,-7.725204356836e-03,-1.331686552513e-04
1.700000000000e+00,-6.604962064201e-05,-5.483917577391e-03,-6.618398315692e-05,-1.102309526646e-04,-8.351623644704e-03,-1.462490696168e-04,-1.154767027635e-04,-3.594716564953e-03,-1.283134882805e-04
1.710000000000e+00,-6.244633356793e-05,-8.562808908405e-04,-6.454829437286e-05,-1.117144977025e-04,-8.844137488927e-03,-1.406268150512e-04,-1.150023064203e-04,7.042804886630e-04,-1.237072056288e-04
1.720000000000e+00,-5.962006542504e-05,3.825642426279e-03,-6.296778086289e-05,-1.137843448582e-04,-9.047769481773e-03,-1.353090897112e-04,-1.154185540312e-04,4.992015041506e-03,-1.193333236194e-04
1.730000000000e+00,-5.764178527196e-05,8.351654395182e-03,-6.144007195170e-05,-1.155502813111e-04,-8.962460006381e-03,-1.302745645942e-04,-1.160928381516e-04,9.087295410504e-03,-1.151766967012e-04
1.740000000000e+00,-5.653432104865e-05,1.251711499265e-02,-5.996292097923e-05,-1.162575326107e-04,-8.597556630393e-03,-1.255037429575e-04,-1.164627973402e-04,1.281522977533e-02,-1.112233888861e-04
1.750000000000e+00,-5.625923908831e-05,1.613247831423e-02,-5.853419764984e-05,-1.151709363393e-04,-7.971271965090e-03,-1.209787738807e-04,-1.159248770177e-04,1.601480140064e-02,-1.074605594487e-04
1.760000000000e+00,-5.656410633305e-05,1.903220528607e-02,-5.715188092532e-05,-1.121536597481e-04,-7.109842064503e-03,-1.166832877555e-04,-1.141866304902e-04,1.854594818679e-02,-1.038763610948e-04
1.770000000000e+00,-5.722999702056e-05,2.108263109697e-02,-5.581405241763e-05,-1.072328533420e-04,-6.046444866814e-03,-1.126022507761e-04,-1.110839913127e-04,2.029586142788e-02,-1.004598490575e-04
1.780000000000e+00,-5.799804320826e-05,2.218839778174e-02,-5.451889024189e-05,-1.006031081838e-04,-4.819917484465e-03,-1.087218359385e-04,-1.065273474174e-04,2.118416015558e-02,-9.720089979052e-05
1.790000000000e+00,-5.858574519129e-05,2.229712975471e-02,-5.326466329320e-05,-9.293970451031e-05,-3.473314132889e-03,-1.050293084262e-04,-1.008046635962e-04,2.116676678939e-02,-9.409013811171e-05
1.800000000000e+00,-5.878879630077e-05,2.140211363053e-02,-5.204972591437e-05,-8.494086164467e-05,-2.052385424570e-03,-1.015129235600e-04,-9.429555565749e-05,2.023821627189e-02,-9.111887180211e-05
1.810000000000e+00,-5.843478458897e-05,1.954282929319e-02,-5.087251292426e-05,-7.732672544458e-05,-6.039909349426e-04,-9.816183575333e-05,-8.743038399489e-05,1.843234538635e-02,-8.827903279603e-05
1.820000000000e+00,-5.741199093638e-05,1.680331579571e-02,-4.973153497917e-05,-7.086451967106e-05,8.254445844097e-04,-9.496601712670e-05,-8.076168953396e-05,1.582125100280e-02,-8.556312421036e-05
1.830000000000e+00,-5.577074215581e-05,1.330840764514e-02,-4.862537424211e-05,-6.598332876521e-05,2.191421290801e-03,-9.191618462011e-05,-7.475566728909e-05,1.251256281985e-02,-8.296417255680e-05
1.840000000000e+00,-5.358650855041e-05,9.218017073822e-03,-4.755268033684e-05,-6.295021165436e-05,3.452725915240e-03,-8.900373459918e-05,-6.977975081187e-05,8.645131632383e-03,-8.047568456286e-05
1.850000000000e+00,-5.097350412515e-05,4.719737809901e-03,-4.651216656535e-05,-6.198100574890e-05,4.572651250743e-03,-8.622068408193e-05,-6.623562518070e-05,4.383274490728e-03,-7.809160809877e-05
1.860000000000e+00,-4.816873972038e-05,2.011281729946e-05,-4.550260636963e-05,-6.267736578477e-05,5.519999336305e-03,-8.355961782735e-05,-6.412046042858e-05,-9.015949966387e-05,-7.580629676829e-05
1.870000000000e+00,-4.537164955332e-05,-4.665040752897e-03,-4.452283001965e-05,-6.461590416680e-05,6.269882980956e-03,-8.101364062415e-05,-6.335892172594e-05,-4.581629951654e-03,-7.361447777506e-05
1.880000000000e+00,-4.279429161470e-05,-9.120753538688e-03,-4.357172151143e-05,-6.727137406199e-05,6.804290128069e-03,-7.857633420108e-05,-6.380320777445e-05,-8.895317505528e-03,-7.151122272120e-05
1.890000000000e+00,-4.062861222527e-05,-1.314300151826e-02,-4.264821565990e-05,-6.994201076654e-05,7.112402550509e-03,-7.624171825217e-05,-6.507899966069e-05,-1.284170729575e-02,-6.949192103599e-05
1.900000000000e+00,-3.897420237728e-05,-1.654831630671e-02,-4.175129537290e-05,-7.203304435940e-05,7.190681357812e-03,-7.400421513241e-05,-6.673531092081e-05,-1.624602598834e-02,-6.755225576633e-05
1.910000000000e+00,-3.789634238520e-05,-1.918239518286e-02,-4.087998909343e-05,-7.306385939886e-05,7.042717343556e-03,-7.185861783264e-05,-6.836064921991e-05,-1.895609221527e-02,-6.568818149171e-05
1.920000000000e+00,-3.744026867837e-05,-2.092733289185e-02,-4.003336839854e-05,-7.256447047864e-05,6.678875532502e-03,-6.980006088919e-05,-6.948224147509e-05,-2.084925034650e-02,-6.389590415287e-05
1.930000000000e+00,-3.748105931629e-05,-2.170711830823e-02,-3.921054574391e-05,-7.054923576630e-05,6.115753207781e-03,-6.782399392399e-05,-6.980535166409e-05,-2.183806735362e-02,-6.217186260652e-05
1.940000000000e+00,-3.790677745589e-05,-2.149111671831e-02,-3.841067234410e-05,-6.711071322976e-05,5.375472724940e-03,-6.592615754617e-05,-6.913380790325e-05,-2.187451064188e-02,-6.051271173924e-05
1.950000000000e+00,-3.857632665759e-05,-2.029537618576e-02,-3.763293617940e-05,-6.245661269978e-05,4.484848191433e-03,-6.410256137682e-05,-6.730996311457e-05,-2.095241830723e-02,-5.891530699140e-05
1.960000000000e+00,-3.929074514917e-05,-1.818170647587e-02,-3.687656012057e-05,-5.711068753900e-05,3.474454388106e-03,-6.234946398531e-05,-6.444588731117e-05,-1.910809800460e-02,-5.737669015811e-05
1.970000000000e+00,-3.988295274610e-05,-1.525456652051e-02,-3.614080016366e-05,-5.160359458150e-05,2.377629276533e-03,-6.066335454922e-05,-6.076315196428e-05,-1.641906397280e-02,-5.589407634793e-05
1.980000000000e+00,-4.020027964457e-05,-1.165591409406e-02,-3.542494376757e-05,-4.646246263585e-05,1.229446282698e-03,-5.904093607034e-05,-5.652239620177e-05,-1.300087814182e-02,-5.446484199279e-05
1.990000000000e+00,-4.010239720207e-05,-7.558288179621e-03,-3.472830828772e-05,-4.224847533002e-05,6.568515555543e-05,-5.747910999770e-05,-5.209434270136e-05,-9.002279845155e-03,-5.308651381310e-05
2.000000000000e+00,-3.955686768634e-05,-3.156443712057e-03,-3.405023949926e-05,-3.925555873041e-05,-1.078190786386e-03,-5.597496212396e-05,-4.786205253645e-05,-4.598763334143e-03,-5.175675865226e-05
2.010000000000e+00,-3.855675762165e-05,1.342035079365e-03,-3.339011020440e-05,-3.766586632938e-05,-2.167982554899e-03,-5.452574963626e-05,-4.413745969913e-05,1.509117096074e-05,-5.047337410292e-05
2.020000000000e+00,-3.711341516203e-05,5.726683694097e-03,-3.274731891812e-05,-3.762209700161e-05,-3.171674198620e-03,-5.312888921446e-05,-4.126817726633e-05,4.634219455843e-03,-4.923427985550e-05
2.030000000000e+00,-3.536077093855e-05,9.794197576160e-03,-3.212128862753e-05,-3.883104600072e-05,-4.060235497039e-03,-5.178194608114e-05,-3.937187466382e-05,9.052220635182e-03,-4.803750970587e-05
2.040000000000e+00,-3.342850524939e-05,1.335804764105e-02,-3.151146561997e-05,-4.096463585188e-05,-4.808367700400e-03,-5.048262391735e-05,-3.848142333400e-05,1.307063222853e-02,-4.688120416552e-05
2.050000000000e+00,-3.146383167435e-05,1.625723881562e-02,-3.091731837578e-05,-4.362487094764e-05,-5.395108209989e-03,-4.922875556657e-05,-3.858206533968e-05,1.650791767226e-02,-4.576360362290e-05
2.060000000000e+00,-2.963822353733e-05,1.836375718367e-02,-3.033833652156e-05,-4.627864700516e-05,-5.804357905490e-03,-4.801829445744e-05,-3.949371081615e-05,1.920776776150e-02,-4.468304200938e-05
2.070000000000e+00,-2.808023813383e-05,1.958838197183e-02,-2.977402984020e-05,-4.846220942597e-05,-6.025275501447e-03,-4.684930668231e-05,-4.092147710208e-05,2.104630404495e-02,-4.363794092786e-05
2.080000000000e+00,-2.689158234238e-05,1.988456344339e-02,-2.922392733423e-05,-4.979750976627e-05,-6.052551969362e-03,-4.571996367504e-05,-4.258653517945e-05,2.193788143196e-02,-4.262680420565e-05
2.090000000000e+00,-2.617955521434e-05,1.925021534301e-02,-2.868757633928e-05,-4.988063347908e-05,-5.886572392868e-03,-4.462853543664e-05,-4.414980903534e-05,2.183917305033e-02,-4.164821283721e-05
2.100000000000e+00,-2.591100184658e-05,1.772733534778e-02,-2.816454168452e-05,-4.869829350033e-05,-5.533439242999e-03,-4.357338426269e-05,-4.532111929656e-05,2.075138000952e-02,-4.070082028498e-05
2.110000000000e+00,-2.604699963929e-05,1.539949895605e-02,-2.765440489736e-05,-4.629129040196e-05,-5.004879396499e-03,-4.255295893022e-05,-4.588782268335e-05,1.872042586504e-02,-3.978334810983e-05
2.120000000000e+00,-2.652280926816e-05,1.238736681854e-02,-2.715676344970e-05,-4.278706636163e-05,-4.318012097503e-03,-4.156578930634e-05,-4.564869057521e-05,1.583511100876e-02,-3.889458190482e-05
2.130000000000e+00,-2.719574937320e-05,8.842450458723e-03,-2.667123004334e-05,-3.858271402348e-05,-3.494987778630e-03,-4.061048134370e-05,-4.457001544800e-05,1.222331176511e-02,-3.803336750865e-05
2.140000000000e+00,-2.792092384496e-05,4.939446102202e-03,-2.619743193223e-05,-3.412589333843e-05,-2.562494450694e-03,-3.968571243172e-05,-4.273251127306e-05,8.046362199178e-03,-3.719860747691e-05
2.150000000000e+00,-2.855882293124e-05,8.675423161938e-04,-2.573501027933e-05,-2.988177153848e-05,-1.551136502307e-03,-3.879022707481e-05,-4.025163583927e-05,3.491901734308e-03,-3.638925779137e-05
2.160000000000e+00,-2.895789925448e-05,-3.178867720329e-03,-2.528361954630e-05,-2.641089761209e-05,-4.946858833432e-04,-3.792283287161e-05,-3.733054490380e-05,-1.234534889429e-03,-3.560432478915e-05
2.170000000000e+00,-2.903727013321e-05,-7.009598031511e-03,-2.484292691383e-05,-2.409032483439e-05,5.707954838412e-04,-3.708239677169e-05,-3.426308276017e-05,-5.918786152202e-03,-3.484286229514e-05
2.180000000000e+00,-2.874504882047e-05,-1.044776329471e-02,-2.441261173112e-05,-2.322370107592e-05,1.607923273508e-03,-3.626784158785e-05,-3.129872706130e-05,-1.034777528098e-02,-3.410396894246e-05
2.190000000000e+00,-2.803948022654e-05,-1.333807574849e-02,-2.399236499274e-05,-2.414222852729e-05,2.579072837951e-03,-3.547814274453e-05,-2.872564344275e-05,-1.431920029416e-02,-3.338678566710e-05
2.200000000000e+00,-2.698951084763e-05,-1.555398378970e-02,-2.358188884135e-05,-2.673624503688e-05,3.447506094121e-03,-3.471232524403e-05,-2.673668831416e-05,-1.765080549536e-02,-3.269049336383e-05
2.210000000000e+00,-2.568006330921e-05,-1.700329085954e-02,-2.318089609478e-05,-3.077673598384e-05,4.178574805763e-03,-3.396946083426e-05,-2.544537485428e-05,-2.018874983131e-02,-3.201431069170e-05
2.220000000000e+00,-2.421310228477e-05,-1.763201084915e-02,-2.278910979629e-05,-3.590678639587e-05,4.740908282202e-03,-3.324866536278e-05,-2.493549970163e-05,-2.181472872423e-02,-3.135749201836e-05
2.230000000000e+00,-2.272852774070e-05,-1.742628982095e-02,-2.240626278651e-05,-4.144144795185e-05,5.107589446234e-03,-3.254909630329e-05,-2.518139599750e-05,-2.245148255666e-02,-3.071932549325e-05
2.240000000000e+00,-2.135364891193e-05,-1.641234988261e-02,-2.203209729603e-05,-4.654320062113e-05,5.257276777305e-03,-3.186995044183e-05,-2.602185481528e-05,-2.206645824768e-02,-3.009913124053e-05
2.250000000000e+00,-2.019210626991e-05,-1.465444777310e-02,-2.166636455745e-05,-5.035009652206e-05,5.175191210468e-03,-3.121046171121e-05,-2.729179440861e-05,-2.067342034863e-02,-2.949625966330e-05
2.260000000000e+00,-1.936212454486e-05,-1.225102930707e-02,-2.130882443589e-05,-5.163556250221e-05,4.853975443323e-03,-3.056989916266e-05,-2.878182638094e-05,-1.833196572039e-02,-2.891008985145e-05
2.270000000000e+00,-1.887824092996e-05,-9.329271750738e-03,-2.095924507687e-05,-4.980993126804e-05,4.294349678737e-03,-2.994756506512e-05,-3.022544599222e-05,-1.514491832800e-02,-2.834002808594e-05
2.280000000000e+00,-1.874261335603e-05,-6.038321279931e-03,-2.061740257075e-05,-4.448341288445e-05,3.505522848964e-03,-2.934279312298e-05,-3.141750608431e-05,-1.125375179980e-02,-2.778550643284e-05
2.290000000000e+00,-1.893968927157e-05,-2.541592935192e-03,-2.028308063280e-05,-3.562958991218e-05,2.505333731420e-03,-2.875494680388e-05,-3.214537709927e-05,-6.832214135507e-03,-2.724598142113e-05
2.300000000000e+00,-1.938691878813e-05,9.914807961508e-04,-1.995607029806e-05,-2.458864460057e-05,1.320093150451e-03,-2.818341776906e-05,-3.227475745103e-05,-2.078480813370e-03,-2.672093279861e-05
2.310000000000e+00,-1.998241832653e-05,4.393811822233e-03,-1.963616963024e-05,-1.387708228459e-05,-1.589239067128e-05,-2.762762439892e-05,-3.176968160631e-05,2.793837099737e-03,-2.620986236067e-05
2.320000000000e+00,-2.062683367218e-05,7.508730456535e-03,-1.932318344392e-05,-7.357597590473e-06,-1.461126415454e-03,-2.708701040746e-05,-3.062036328114e-05,7.565398285183e-03,-2.571229284710e-05
2.330000000000e+00,-2.120154312307e-05,1.019734798426e-02,-1.901692303937e-05,-1.200971144586e-05,-2.968056625685e-03,-2.656104353943e-05,-2.886202091089e-05,1.202110054291e-02,-2.522776690245e-05
2.340000000000e+00,-2.161345198865e-05,1.234488901260e-02,-1.871720594941e-05,-3.510260980719e-05,-4.484491369314e-03,-2.604921434468e-05,-2.666958514603e-05,1.595987512164e-02,-2.475584609594e-05
2.350000000000e+00,-2.179026162328e-05,1.386565589962e-02,-1.842385569747e-05,-8.572738562915e-05,-5.955293423050e-03,-2.555103502446e-05,-2.419583306696e-05,1.920381760667e-02,-2.429610999680e-05
2.360000000000e+00,-2.165351357435e-05,1.470644381345e-02,-1.813670156659e-05,-1.785802864516e-04,-7.324291294110e-03,-2.506603834497e-05,-2.163078060502e-05,2.160627043480e-02,-2.384815530179e-05
2.370000000000e+00,-2.119306620004e-05,1.484825914872e-02,-1.785557837860e-05,-3.247796198449e-04,-8.536326180110e-03,-2.459377661368e-05,-1.920870763777e-05,2.305844693135e-02,-2.341159501137e-05
2.380000000000e+00,-2.042192224716e-05,1.430626638379e-02,-1.758032628304e-05,-5.349124884131e-04,-9.539400835056e-03,-2.413382071440e-05,-1.714007841133e-05,2.349432572461e-02,-2.298605765148e-05
2.390000000000e+00,-1.936279961372e-05,1.312806794212e-02,-1.731079055528e-05,-8.227589529216e-04,-1.028680157326e-02,-2.368575919708e-05,-1.566910201982e-05,2.289355443639e-02,-2.257118653820e-05
2.400000000000e+00,-1.808142765139e-05,1.139037497920e-02,-1.704682140347e-05,-1.200136303454e-03,-1.073913660112e-02,-2.324919741917e-05,-1.506934073996e-05,2.128226190894e-02,-2.216663908243e-05
2.410000000000e+00,-1.668856628039e-05,9.194343294861e-03,-1.678827378388e-05,-1.665709889524e-03,-1.086619945773e-02,-2.282375673491e-05,-1.550280179890e-05,1.873172621909e-02,-2.177208613232e-05
2.420000000000e+00,-1.529969748171e-05,6.659791591843e-03,-1.653500722409e-05,-2.218257629384e-03,-1.064854432999e-02,-2.240907372969e-05,-1.713970524821e-05,1.535496691865e-02,-2.138721135098e-05
2.430000000000e+00,-1.408842538971e-05,3.918670108885e-03,-1.628688565383e-05,-2.856617916515e-03,-1.007871074459e-02,-2.200479949666e-05,-2.023146840357e-05,1.130142736907e-02,-2.101171062736e-05
2.440000000000e+00,-1.322166606037e-05,1.108098104204e-03,-1.604377724294e-05,-3.555198108631e-03,-9.162032690903e-03,-2.161059895287e-05,-2.464330868679e-05,6.749998339037e-03,-2.064529151843e-05
2.450000000000e+00,-1.286682567617e-05,-1.636641338267e-03,-1.580555424627e-05,-4.289311537720e-03,-7.916952546481e-03,-2.122615019258e-05,-3.019187097567e-05,1.900716580698e-03,-2.028767272059e-05
2.460000000000e+00,-1.323223686337e-05,-4.188788346869e-03,-1.557209285501e-05,-5.025083069136e-03,-6.374819562078e-03,-2.085114387534e-05,-3.650764889973e-05,-3.034486719312e-03,-1.993858356870e-05
2.470000000000e+00,-1.445700767217e-05,-6.436161386371e-03,-1.534327305427e-05,-5.715923141237e-03,-4.579152972977e-03,-2.048528264694e-05,-4.280437387146e-05,-7.841526432730e-03,-1.959776356105e-05
2.480000000000e+00,-1.655573706248e-05,-8.286255371259e-03,-1.511897848661e-05,-6.316846182484e-03,-2.584365563986e-03,-2.012828059093e-05,-4.810579847654e-05,-1.231396427639e-02,-1.926496190881e-05
2.490000000000e+00,-1.949009134807e-05,-9.670178147209e-03,-1.489909632117e-05,-6.778070688876e-03,-4.539901987653e-04,-1.977986270919e-05,-5.124890354733e-05,-1.626238192907e-02,-1.893993710841e-05
2.500000000000e+00,-2.308376575518e-05,-1.054523353093e-02,-1.468351712818e-05,-7.031580646464e-03,1.741550170307e-03,-1.943976442962e-05,-5.063105408025e-05,-1.952293701953e-02,-1.862245653569e-05
2.510000000000e+00,-2.687180675956e-05,-1.089607281290e-02,-1.447213475862e-05,-7.047460194375e-03,3.927530524985e-03,-1.910773113937e-05,-4.552033106364e-05,-2.196464642638e-02,-1.831229606047e-05
2.520000000000e+00,-3.031540295746e-05,-1.073439132800e-02,-1.426484622874e-05,-6.791249077401e-03,6.027801784729e-03,-1.878351774220e-05,-3.557873253507e-05,-2.349511063591e-02,-1.800923968030e-05
2.530000000000e+00,-3.259394546114e-05,-1.009723749337e-02,-1.406155160931e-05,-6.214955399468e-03,7.967820389099e-03,-1.846688823847e-05,-2.129876482460e-05,-2.406439866161e-02,-1.771307917259e-05
2.540000000000e+00,-3.288795250100e-05,-9.044057670306e-03,-1.386215391924e-05,-5.323176979372e-03,9.677714001187e-03,-1.815761532652e-05,-5.805183016289e-06,-2.366692783004e-02,-1.742361376370e-05
2.550000000000e+00,-3.055645927354e-05,-7.652696119417e-03,-1.366655902352e-05,-4.134103112092e-03,1.109524450803e-02,-1.785548002409e-05,5.787981802042e-06,-2.234125593383e-02,-1.714064981436e-05
2.560000000000e+00,-2.505222931536e-05,-6.014561420500e-03,-1.347467553518e-05,-2.665848398190e-03,1.216854555380e-02,-1.756027130884e-05,5.127577706262e-06,-2.016782116013e-02,-1.686400052039e-05
2.570000000000e+00,-1.637183907452e-05,-4.229279678342e-03,-1.328641472114e-05,-9.619611913062e-04,1.285849496299e-02,-1.727178577669e-05,-2.176014909617e-05,-1.726473686623e-02,-1.659348562783e-05
2.580000000000e+00,-5.745096134946e-06,-2.399108262240e-03,-1.310169041177e-05,8.959416617138e-04,1.314059815411e-02,-1.698982731703e-05,-8.923592847038e-05,-1.378186967504e-02,-1.632893116179e-05
2.590000000000e+00,4.819673481649e-06,-6.234395055152e-04,-1.292041891397e-05,2.834795904548e-03,1.300630329021e-02,-1.671420680399e-05,-2.153010543904e-04,-9.893459893010e-03,-1.607016916825e-05
2.600000000000e+00,1.115121796963e-05,1.006341949682e-03,-1.274251892768e-05,4.762447061424e-03,1.246365189304e-02,-1.644474180265e-05,-4.307184229034e-04,-5.789692547183e-03,-1.581703746803e-05
2.610000000000e+00,7.711586931381e-06,2.411354469690e-03,-1.256791146557e-05,6.582493386392e-03,1.153722846069e-02,-1.618125628956e-05,-7.538103821120e-04,-1.667572808118e-03,-1.556937942241e-05
2.620000000000e+00,-1.237858724656e-05,3.528864800002e-03,-1.239651977583e-05,8.212558843031e-03,1.026738217134e-02,-1.592358038669e-05,-1.205397878356e-03,2.278413238012e-03,-1.532704370965e-05
2.630000000000e+00,-5.945365240311e-05,4.314920788178e-03,-1.222826926797e-05,9.559228945603e-03,8.708733991739e-03,-1.567155010808e-05,-1.813334986411e-03,5.865447376983e-03,-1.508988411196e-05
2.640000000000e+00,-1.453806680591e-04,4.745847207323e-03,-1.206308744139e-05,1.054963371811e-02,6.928031865293e-03,-1.542500711855e-05,-2.593486366483e-03,8.930881824953e-03,-1.485775931226e-05
2.650000000000e+00,-2.796942184915e-04,4.818582905200e-03,-1.190090381669e-05,1.115630902601e-02,5.001406206904e-03,-1.518379850381e-05,-3.542081151990e-03,1.133970441823e-02,-1.463053270027e-05
2.660000000000e+00,-4.738848565394e-04,4.549874553771e-03,-1.174164986957e-05,1.135238246819e-02,3.011168841571e-03,-1.494777655126e-05,-4.654424377542e-03,1.299063123462e-02,-1.440807218746e-05
2.670000000000e+00,-7.451263594439e-04,3.974411660142e-03,-1.158525896718e-05,1.110304732734e-02,1.042259787960e-03,-1.471679854115e-05,-5.919507295087e-03,1.382053408225e-02,-1.419025003033e-05
2.680000000000e+00,-1.095017386419e-03,3.142063854815e-03,-1.143166630692e-05,1.047241133542e-02,-8.214875048480e-04,-1.449072654724e-05,-7.283778888502e-03,1.380703598136e-02,-1.397694266177e-05
2.690000000000e+00,-1.527289939844e-03,2.114373508516e-03,-1.128080885745e-05,9.503386496182e-03,-2.501095607416e-03,-1.426942724674e-05,-8.695406304955e-03,1.296912992079e-02,-1.376803052978e-05
2.700000000000e+00,-2.046542077162e-03,9.605788986938e-04,-1.113262530188e-05,8.240530055000e-03,-3.926047992130e-03,-1.405277173891e-05,-1.008073510322e-02,1.136585564578e-02,-1.356339794356e-05
2.710000000000e+00,-2.640866241444e-03,-2.466489787473e-04,-1.098705598310e-05,6.778191541941e-03,-5.037553672023e-03,-1.384063537187e-05,-1.134748763429e-02,9.093076265998e-03,-1.336293292622e-05
2.720000000000e+00,-3.292469307383e-03,-1.435448754832e-03,-1.084404285109e-05,5.204093165993e-03,-5.791344323869e-03,-1.363289757722e-05,-1.240786790128e-02,6.278549256565e-03,-1.316652707411e-05
2.730000000000e+00,-3.979749324508e-03,-2.538778105189e-03,-1.070352941212e-05,3.599250668636e-03,-6.159837366608e-03,-1.342944171215e-05,-1.315916136374e-02,3.075541120777e-03,-1.297407542221e-05
2.740000000000e+00,-4.668467517906e-03,-3.497993132130e-03,-1.056546067984e-05,2.053557686075e-03,-6.133571064961e-03,-1.323015490848e-05,-1.347983526889e-02,-3.447003078113e-04,-1.278547631537e-05
2.750000000000e+00,-5.319083554282e-03,-4.265741382916e-03,-1.042978312811e-05,6.338158170653e-04,-5.721808163658e-03,-1.303492792850e-05,-1.331629878546e-02,-3.801247927513e-03,-1.260063128511e-05
2.760000000000e+00,-5.890840572323e-03,-4.808096517457e-03,-1.029644464549e-05,-6.077104475007e-04,-4.952290556948e-03,-1.284365502704e-05,-1.260914058332e-02,-7.112170940263e-03,-1.241944493176e-05
2.770000000000e+00,-6.324227390950e-03,-5.105808984704e-03,-1.016539449147e-05,-1.610388962697e-03,-3.870105010125e-03,-1.265623381966e-05,-1.126701224025e-02,-1.010315989876e-02,-1.224182481149e-05
2.780000000000e+00,-6.579410511167e-03,-5.154629636348e-03,-1.003658325410e-05,-2.368624555804e-03,-2.535735469603e-03,-1.247256515656e-05,-9.329844974321e-03,-1.261570853242e-02,-1.206768132830e-05
2.790000000000e+00,-6.618974132902e-03,-4.964740530741e-03,-9.909962809241e-06,-2.883231983311e-03,-1.022350523253e-03,-1.229255300191e-05,-6.837183263987e-03,-1.451445368034e-02,-1.189692763042e-05
2.800000000000e+00,-6.396625743030e-03,-4.559346143932e-03,-9.785486281219e-06,-3.155358783606e-03,5.875571648587e-04,-1.211610431841e-05,-3.833067433671e-03,-1.569335955093e-02,-1.172947951113e-05
2.810000000000e+00,-5.883524599691e-03,-3.972556092981e-03,-9.663108004828e-06,-3.211858464950e-03,2.206010734545e-03,-1.194312895671e-05,-4.305928753003e-04,-1.608044362880e-02,-1.156525531367e-05
2.820000000000e+00,-5.086336919785e-03,-3.246704533638e-03,-9.542783488701e-06,-3.099979676455e-03,3.743728187530e-03,-1.177353954965e-05,3.212324580502e-03,-1.564085788140e-02,-1.140417584012e-05
2.830000000000e+00,-4.009794224191e-03,-2.429287913744e-03,-9.424469379914e-06,-2.857721320777e-03,5.114401348745e-03,-1.160725141081e-05,6.946819048610e-03,-1.437820890593e-02,-1.124616426401e-05
2.840000000000e+00,-2.655630223285e-03,-1.569740616748e-03,-9.308123429863e-06,-2.522721755859e-03,6.238928807402e-03,-1.144418243748e-05,1.058058690608e-02,-1.233405358128e-02,-1.109114604651e-05
2.850000000000e+00,-1.093349785910e-03,-7.162301087570e-04,-9.193704461254e-06,-2.146380443193e-03,7.049346346793e-03,-1.128425301754e-05,1.393874356821e-02,-9.585647687592e-03,-1.093904885607e-05
2.860000000000e+00,6.227213067238e-04,8.731525754358e-05,-9.081172336291e-06,-1.762485968606e-03,7.492296002473e-03,-1.112738594031e-05,1.686705466516e-02,-6.242070839811e-03,-1.078980249124e-05
2.870000000000e+00,2.426874753919e-03,8.037642953318e-04,-8.970487925904e-06,-1.402406852547e-03,7.531841317109e-03,-1.097350631101e-05,1.918159205524e-02,-2.438926513841e-03,-1.064333880668e-05
2.880000000000e+00,4.228697696241e-03,1.404795529585e-03,-8.861613080011e-06,-1.088878443656e-03,7.151490532993e-03,-1.082254146877e-05,2.077587448499e-02,1.668087615776e-03,-1.049959164206e-05
2.890000000000e+00,5.946379341589e-03,1.872230954272e-03,-8.754510598855e-06,-8.324827876120e-04,6.355311579259e-03,-1.067442090797e-05,2.160761891380e-02,5.910453526167e-03,-1.035849675385e-05
2.900000000000e+00,7.496914473439e-03,2.198650307024e-03,-8.649144205209e-06,-6.396590460867e-04,5.168080269023e-03,-1.052907620277e-05,2.163138775189e-02,1.011455010981e-02,-1.021999174978e-05
2.910000000000e+00,8.784915076278e-03,2.387246809027e-03,-8.545478517597e-06,-5.119530232322e-04,3.634420405571e-03,-1.038644093469e-05,2.082494669465e-02,1.410947989205e-02,-1.008401602590e-05
2.920000000000e+00,9.766215334135e-03,2.450960290814e-03,-8.443479024347e-06,-4.372151087911e-04,1.816973674657e-03,-1.024645062311e-05,1.931790718459e-02,1.773463057337e-02,-9.950510706078e-06
2.930000000000e+00,1.039834833844e-02,2.410974422742e-03,-8.343112058558e-06,-4.057190075709e-04,-2.063262635663e-04,-1.010904265850e-05,1.720750423476e-02,2.084660543159e-02,-9.819418583879e-06
2.940000000000e+00,1.062295081200e-02,2.294670925328e-03,-8.244344773835e-06,-4.076655579390e-04,-2.345766277064e-03,-9.974156238356e-06,1.459283327414e-02,2.332523088027e-02,-9.690684066706e-06
2.950000000000e+00,1.046214213562e-02,2.133206600740e-03,-8.147145120892e-06,-4.279323345828e-04,-4.504002416642e-03,-9.841732305632e-06,1.167260951790e-02,2.507837705762e-02,-9.564253122060e-06
2.960000000000e+00,9.942147085975e-03,1.958869867250e-03,-8.051481824838e-06,-4.557609884675e-04,-6.580632605663e-03,-9.711713489584e-06,8.609195565134e-03,2.604539076516e-02,-9.440073225903e-06
2.970000000000e+00,9.087755819824e-03,1.802410013440e-03,-7.957324363299e-06,-4.822341624499e-04,-8.476999782631e-03,-9.584044048948e-06,5.561378264416e-03,2.619901275769e-02,-9.318093312950e-06
2.980000000000e+00,7.956954105119e-03,1.690505490983e-03,-7.864642945165e-06,-4.999562237984e-04,-1.010098841675e-02,-9.458669817307e-06,2.694947557106e-03,2.554573480806e-02,-9.198263728884e-06
2.990000000000e+00,6.635558002229e-03,1.643558700084e-03,-7.773408490081e-06,-5.054466006664e-04,-1.137159318074e-02,-9.335538150570e-06,1.223294755412e-04,2.412461955254e-02,-9.080536184351e-06
3.000000000000e+00,5.194523027320e-03,1.673950044488e-03,-7.683592608570e-06,-4.969563456979e-04,-1.222300298963e-02,-9.214597876492e-06,-2.068529050176e-03,2.200467869874e-02,-8.964863710697e-06
3.010000000000e+00,3.710763679903e-03,1.784887021027e-03,-7.595167582810e-06,-4.729739793018e-04,-1.260804920905e-02,-9.095799246074e-06,-3.767997019369e-03,1.928096553834e-02,-8.851200617344e-06
3.020000000000e+00,2.263027792064e-03,1.969912857960e-03,-7.508106347999e-06,-4.363891639403e-04,-1.250079716501e-02,-8.979093886873e-06,-4.997683041433e-03,1.606963614110e-02,-8.739502450770e-06
3.030000000000e+00,9.068897607280e-04,2.213121981789e-03,-7.422382474360e-06,-3.893436768484e-04,-1.189815571117e-02,-8.864434758031e-06,-5.766719630188e-03,1.250218843716e-02,-8.629725954996e-06
3.040000000000e+00,-3.043436575550e-04,2.490068308096e-03,-7.337970149652e-06,-3.343449291020e-04,-1.082043135098e-02,-8.751776107017e-06,-6.085902894008e-03,8.719238587812e-03,-8.521829033515e-06
3.050000000000e+00,-1.345023901984e-03,2.769321252009e-03,-7.254844162294e-06,-2.756253108181e-04,-9.310753125261e-03,-8.641073427993e-06,-6.029612986072e-03,4.864085079732e-03,-8.415770712647e-06
3.060000000000e+00,-2.217145064048e-03,3.014573513559e-03,-7.172979884977e-06,-2.179291719626e-04,-7.433411224499e-03,-8.532283421702e-06,-5.686955235899e-03,1.076424196216e-03,-8.311511106197e-06
3.070000000000e+00,-2.930151159653e-03,3.187153023610e-03,-7.092353258791e-06,-1.670978205640e-04,-5.271147922857e-03,-8.425363956888e-06,-5.132255776154e-03,-2.513538794578e-03,-8.209011381410e-06
3.080000000000e+00,-3.508294286288e-03,3.248813822701e-03,-7.012940777898e-06,-1.327428316462e-04,-2.921541104584e-03,-8.320274033104e-06,-4.445968452052e-03,-5.790271884047e-03,-8.108233726160e-06
3.090000000000e+00,-4.006785788145e-03,3.164602894894e-03,-6.934719474593e-06,-1.245311812890e-04,-4.926205404542e-04,-8.216973744885e-06,-3.715796156014e-03,-8.657219731392e-03,-8.009141317294e-06
3.100000000000e+00,-4.472557126126e-03,2.905623953587e-03,-6.857666904901e-06,-1.550320265771e-04,1.902077442045e-03,-8.115424247255e-06,-3.001210200993e-03,-1.104001788565e-02,-7.911698290132e-06
3.110000000000e+00,-4.959777434572e-03,2.451526721050e-03,-6.781761134574e-06,-2.454828543938e-04,4.148774794949e-03,-8.015587722455e-06,-2.358178669405e-03,-1.288853331636e-02,-7.815869709035e-06
3.120000000000e+00,-5.516688355988e-03,1.792550830217e-03,-6.706980725551e-06,-4.134513294145e-04,6.138802968520e-03,-7.917427347897e-06,-1.818078888825e-03,-1.417766834656e-02,-7.721621539024e-06
3.130000000000e+00,-6.173770904411e-03,9.309725691611e-04,-6.633304722786e-06,-6.770416683181e-04,7.773784189678e-03,-7.820907265264e-06,-1.393936809444e-03,-1.490696414055e-02,-7.628920618387e-06
3.140000000000e+00,-6.952549306056e-03,-1.181275514672e-04,-6.560712641528e-06,-1.060915432900e-03,8.970398050034e-03,-7.725992550706e-06,-1.092741386059e-03,-1.509904744300e-02,-7.537734632267e-06
3.150000000000e+00,-7.852079725752e-03,-1.326874348045e-03,-6.489184454939e-06,-1.589495642343e-03,9.664479277102e-03,-7.632649186109e-06,-9.071377998771e-04,-1.479708101889e-02,-7.448032087134e-06
3.160000000000e+00,-8.837238011569e-03,-2.655372962930e-03,-6.418700582117e-06,-2.267666745891e-03,9.814277848963e-03,-7.540844031379e-06,-8.116945282331e-04,-1.406137466715e-02,-7.359782286185e-06
3.170000000000e+00,-9.862521598709e-03,-4.053261990450e-03,-6.349241876469e-06,-3.101515705076e-03,9.402709494422e-03,-7.450544797696e-06,-7.852346615766e-04,-1.296535986545e-02,-7.272955305558e-06
3.180000000000e+00,-1.085259611511e-02,-5.461935632915e-03,-6.280789614419e-06,-4.101961496291e-03,8.438462761103e-03,-7.361720021725e-06,-8.066895472691e-04,-1.159119166841e-02,-7.187521971399e-06
3.190000000000e+00,-1.172027870895e-02,-6.817354019959e-03,-6.213325484475e-06,-5.236012173315e-03,6.955918200760e-03,-7.274339040707e-06,-8.478149089905e-04,-1.002517338290e-02,-7.103453837673e-06
3.200000000000e+00,-1.237804872865e-02,-8.053267414509e-03,-6.146831576614e-06,-6.472463485985e-03,5.013885382508e-03,-7.188371968431e-06,-8.905725836483e-04,-8.353297406672e-03,-7.020723164766e-06
3.210000000000e+00,-1.271401219526e-02,-9.104704666554e-03,-6.081290371947e-06,-7.767305834949e-03,2.693176285564e-03,-7.103789672013e-06,-9.197761784126e-04,-6.657075419980e-03,-6.939302898788e-06
3.220000000000e+00,-1.263389710970e-02,-9.911498185437e-03,-6.016684732750e-06,-9.050102331604e-03,9.315883253627e-05,-7.020563749528e-06,-9.256996417877e-04,-5.009881191452e-03,-6.859166651596e-06
3.230000000000e+00,-1.208662299903e-02,-1.042168078487e-02,-5.952997892736e-06,-1.024624436296e-02,-2.672588752292e-03,-6.938666508332e-06,-9.060232191185e-04,-3.473988662818e-03,-6.780288681462e-06
3.240000000000e+00,-1.101884095440e-02,-1.059453138455e-02,-5.890213447630e-06,-1.127276134425e-02,-5.481283356353e-03,-6.858070944202e-06,-8.612030094801e-04,-2.098373000001e-03,-6.702643874417e-06
3.250000000000e+00,-9.370782369519e-03,-1.040311023760e-02,-5.828315346033e-06,-1.201403042267e-02,-8.206408931737e-03,-6.778750721118e-06,-7.943831623888e-04,-9.173880256198e-04,-6.626207726186e-06
3.260000000000e+00,-7.208522612253e-03,-9.836105342365e-03,-5.767287880499e-06,-1.240319145033e-02,-1.072336870219e-02,-6.700680151773e-06,-7.142101866250e-04,4.966270819155e-05,-6.550956324744e-06
3.270000000000e+00,-4.581401084873e-03,-8.898913143691e-03,-5.707115678950e-06,-1.236744071044e-02,-1.291507956867e-02,-6.623834178721e-06,-6.276048218923e-04,7.981096677791e-04,-6.476866333437e-06
3.280000000000e+00,-1.548762212294e-03,-7.613836843834e-03,-5.647783696264e-06,-1.180637184422e-02,-1.467721789623e-02,-6.548188356154e-06,-5.419238899346e-04,1.336710254551e-03,-6.403914974658e-06
3.290000000000e+00,1.743070555654e-03,-6.019413632540e-03,-5.589277206138e-06,-1.070132940395e-02,-1.592291648284e-02,-6.473718832291e-06,-4.636277409767e-04,1.685762668323e-03,-6.332080014060e-06
3.300000000000e+00,5.150157391902e-03,-4.168868112969e-03,-5.531581793183e-06,-9.058738559707e-03,-1.658662899990e-02,-6.400402332357e-06,-3.965849412886e-04,1.874692652682e-03,-6.261339745279e-06
3.310000000000e+00,8.520440621749e-03,-2.127775076832e-03,-5.474683345251e-06,-6.882441549806e-03,-1.662705812311e-02,-6.328216142108e-06,-3.435906561409e-04,1.939265414896e-03,-6.191672975149e-06
3.320000000000e+00,1.167067220260e-02,2.894693055783e-05,-5.418568045940e-06,-4.216994627981e-03,-1.602894977175e-02,-6.257138091916e-06,-3.057417713776e-04,1.918629513589e-03,-6.123059009405e-06
3.330000000000e+00,1.446027224951e-02,2.220566704533e-03,-5.363222367362e-06,-1.186678486511e-03,-1.480370685495e-02,-6.187146541363e-06,-2.809090788073e-04,1.852337496119e-03,-6.055477638834e-06
3.340000000000e+00,1.676208258099e-02,4.364398714732e-03,-5.308633063078e-06,2.097934636657e-03,-1.298880937710e-02,-6.118220364347e-06,-2.670535155481e-04,1.777547433116e-03,-5.988909125880e-06
3.350000000000e+00,1.840494650061e-02,6.379802649024e-03,-5.254787161262e-06,5.499784859080e-03,-1.064604050537e-02,-6.050338934646e-06,-2.620090843178e-04,1.726541780316e-03,-5.923334191649e-06
3.360000000000e+00,1.936174265354e-02,8.192073150098e-03,-5.201671958004e-06,8.843326085231e-03,-7.858629545988e-03,-5.983482112003e-06,-2.619467941779e-04,1.724698269353e-03,-5.858734003372e-06
3.370000000000e+00,1.960735275371e-02,9.736064375127e-03,-5.149275010876e-06,1.197833533948e-02,-4.727477556200e-03,-5.917630228577e-06,-2.643046296582e-04,1.789031556952e-03,-5.795090162207e-06
3.380000000000e+00,1.911037879322e-02,1.095928715531e-02,-5.097584132589e-06,1.473408424600e-02,-1.366601184246e-03,-5.852764075916e-06,-2.669714083401e-04,1.927322546939e-03,-5.732384691486e-06
3.390000000000e+00,1.792272344377e-02,1.182438055099e-02,-5.046587384901e-06,1.695950502492e-02,2.101947222425e-03,-5.788864892274e-06,-2.683482959368e-04,2.137913634167e-03,-5.670600025270e-06
3.400000000000e+00,1.616070753507e-02,1.231076174790e-02,-4.996273072659e-06,1.857470797104e-02,5.553440187196e-03,-5.725914350374e-06,-2.677832599604e-04,2.410102210160e-03,-5.609718997298e-06
3.410000000000e+00,1.392326115208e-02,1.241540779291e-02,-4.946629737979e-06,1.950336102270e-02,8.865887406694e-03,-5.663894545539e-06,-2.650775519840e-04,2.725134898323e-03,-5.549724830280e-06
3.420000000000e+00,1.131998996704e-02,1.215270432544e-02,-4.897646154637e-06,1.964884451695e-02,1.192520776044e-02,-5.602787984199e-06,-2.602585200976e-04,3.057668659716e-03,-5.490601125488e-06
3.430000000000e+00,8.527433407271e-03,1.155338824597e-02,-4.849311322598e-06,1.908995580189e-02,1.462995383039e-02,-5.542577572763e-06,-2.538271463208e-04,3.377627600727e-03,-5.432331852708e-06
3.440000000000e+00,5.674262939454e-03,1.066262246871e-02,-4.801614462637e-06,1.787471332741e-02,1.689535472085e-02,-5.483246606835e-06,-2.459682431166e-04,3.652311255467e-03,-5.374901340471e-06
3.450000000000e+00,2.894992619167e-03,9.537333253374e-03,-4.754545011202e-06,1.605070849193e-02,1.865649590068e-02,-5.424778760755e-06,-2.365141475734e-04,3.848616225961e-03,-5.318294266591e-06
3.460000000000e+00,3.060720516412e-04,8.242945987421e-03,-4.708092615333e-06,1.376839504091e-02,1.987052104191e-02,-5.367158077493e-06,-2.250758345926e-04,3.935246216523e-03,-5.262495648997e-06
3.470000000000e+00,-2.017433093673e-03,6.849709277256e-03,-4.662247127765e-06,1.117688710760e-02,2.051774087790e-02,-5.310368958815e-06,-2.110705424144e-04,3.884759236580e-03,-5.207490836832e-06
3.480000000000e+00,-4.010586547225e-03,5.428794002885e-03,-4.616998602137e-06,8.414399099613e-03,2.060164900546e-02,-5.254396155782e-06,-1.937369879510e-04,3.675342514048e-03,-5.153265501825e-06
3.490000000000e+00,-5.624892169279e-03,4.048415985791e-03,-4.572337288338e-06,5.641600303826e-03,2.014784859256e-02,-5.199224759526e-06,-1.725410569018e-04,3.292229228877e-03,-5.099805629921e-06
3.500000000000e+00,-6.884813927212e-03,2.770168946669e-03,-4.528253627982e-06,2.998289413128e-03,1.920197677255e-02,-5.144840192301e-06,-1.483667538695e-04,2.728640704669e-03,-5.047097513165e-06
3.510000000000e+00,-7.807997542919e-03,1.645787705021e-03,-4.484738249994e-06,5.940751847916e-04,1.782675879914e-02,-5.091228198823e-06,-1.231477861543e-04,1.986286050606e-03,-4.995127741820e-06
3.520000000000e+00,-8.403551693067e-03,7.145094506326e-04,-4.441781966307e-06,-1.446074258004e-03,1.609833256417e-02,-5.038374837851e-06,-1.015975586191e-04,1.075322497646e-03,-4.943883196722e-06
3.530000000000e+00,-8.742143849271e-03,1.197348674335e-06,-4.399375767697e-06,-3.083436566100e-03,1.410208763959e-02,-4.986266474044e-06,-9.130438263930e-05,1.386425280743e-05,-4.893351041874e-06
3.540000000000e+00,-8.872259426071e-03,-4.846953415626e-04,-4.357510819693e-06,-4.297836436701e-03,1.192820137491e-02,-4.934889770030e-06,-1.024095773136e-04,-1.172950577873e-03,-4.843518717225e-06
3.550000000000e+00,-8.829629291932e-03,-7.492421987846e-04,-4.316178458623e-06,-5.070953823631e-03,9.667124226339e-03,-4.884231678738e-06,-1.508862084156e-04,-2.454254859157e-03,-4.794373931687e-06
3.560000000000e+00,-8.652764572593e-03,-8.132573235049e-04,-4.275370187744e-06,-5.431971698610e-03,7.405235776343e-03,-4.834279435963e-06,-2.578924379290e-04,-3.795002804427e-03,-4.745904656370e-06
3.570000000000e+00,-8.372725231887e-03,-7.106355714946e-04,-4.235077673484e-06,-5.454652882230e-03,5.220893181329e-03,-4.785020553111e-06,-4.424996041730e-04,-5.157701372588e-03,-4.698099117961e-06
3.580000000000e+00,-8.000465636025e-03,-4.859350796101e-04,-4.195292741768e-06,-5.199503996291e-03,3.181065061167e-03,-4.736442810202e-06,-7.284943924152e-04,-6.504183837242e-03,-4.650945792349e-06
3.590000000000e+00,-7.527598805664e-03,-1.913213458832e-04,-4.156007374454e-06,-4.726119805621e-03,1.338686668315e-03,-4.688534249053e-06,-1.155769290483e-03,-7.797317485524e-03,-4.604433398403e-06
3.600000000000e+00,-6.953172375322e-03,1.169326834118e-04,-4.117213705853e-06,-4.132502574788e-03,-2.691071520795e-04,-4.641283166664e-06,-1.738175717424e-03,-9.002574286244e-03,-4.558550891934e-06
3.610000000000e+00,-6.263209923136e-03,3.821966423558e-04,-4.078904019339e-06,-3.483341257165e-03,-1.621847393754e-03,-4.594678108819e-06,-2.496169421930e-03,-1.008932739777e-02,-4.513287459846e-06
3.620000000000e+00,-5.433071164332e-03,5.512699882353e-04,-4.041070744039e-06,-2.839223249891e-03,-2.715647875341e-03,-4.548707863818e-06,-3.458319106255e-03,-1.103186369123e-02,-4.468632514422e-06
3.630000000000e+00,-4.453426065960e-03,5.779798316198e-04,-4.003706451599e-06,-2.250772157288e-03,-3.562221618836e-03,-4.503361456453e-06,-4.625393033794e-03,-1.181000819412e-02,-4.424575687806e-06
3.640000000000e+00,-3.326451139691e-03,4.263827011935e-04,-3.966803853097e-06,-1.746273869278e-03,-4.187058266552e-03,-4.458628142121e-06,-5.982195427199e-03,-1.240938780145e-02,-4.381106826614e-06
3.650000000000e+00,-2.056079814916e-03,7.338064103076e-05,-3.930355795904e-06,-1.344989997469e-03,-4.626920354103e-03,-4.414497401109e-06,-7.510544927000e-03,-1.282132150246e-02,-4.338215986722e-06
3.660000000000e+00,-6.589131351774e-04,-4.893966114808e-04,-3.894355260776e-06,-1.057850641421e-03,-4.926771194218e-03,-4.370958933049e-06,-9.171988700394e-03,-1.304236088183e-02,-4.295893428169e-06
3.670000000000e+00,8.186027172754e-04,-1.254572908206e-03,-3.858795358910e-06,-8.702437682280e-04,-5.136350711737e-03,-4.328002651534e-06,-1.089260031159e-02,-1.307357468663e-02,-4.254129610237e-06
3.680000000000e+00,2.331256222670e-03,-2.198931169642e-03,-3.823669329087e-06,-7.704339699195e-04,-5.306600931901e-03,-4.285618678864e-06,-1.259662521814e-02,-1.291959349971e-02,-4.212915186634e-06
3.690000000000e+00,3.816984550974e-03,-3.284249196802e-03,-3.788970534972e-06,-7.480862170649e-04,-5.486127027428e-03,-4.243797340979e-06,-1.417297606161e-02,-1.258755633155e-02,-4.172241000851e-06
3.700000000000e+00,5.208155291211e-03,-4.459056244829e-03,-3.754692462335e-06,-7.810980596017e-04,-5.717903464031e-03,-4.202529162486e-06,-1.550877832658e-02,-1.208601294759e-02,-4.132098081592e-06
3.710000000000e+00,6.444599465038e-03,-5.661188242843e-03,-3.720828716510e-06,-8.554654514035e-04,-6.036424983308e-03,-4.161804861884e-06,-1.649510617803e-02,-1.142389907283e-02,-4.092477638393e-06
3.720000000000e+00,7.457705964485e-03,-6.821055232865e-03,-3.687373019740e-06,-9.630901687153e-04,-6.465421334961e-03,-4.121615346853e-06,-1.699633565807e-02,-1.060967510154e-02,-4.053371057314e-06
3.730000000000e+00,8.186085639767e-03,-7.865391004109e-03,-3.654319208757e-06,-1.099589162135e-03,-7.016306752984e-03,-4.081951709744e-06,-1.688189357493e-02,-9.650663666366e-03,-4.014769896769e-06
3.740000000000e+00,8.609745479914e-03,-8.721353325527e-03,-3.621661232282e-06,-1.264051813618e-03,-7.687389497801e-03,-4.042805223123e-06,-1.609965844278e-02,-8.552702438684e-03,-3.976665883456e-06
3.750000000000e+00,8.709890309401e-03,-9.320676019323e-03,-3.589393148673e-06,-1.460800878840e-03,-8.463925565254e-03,-4.004167335514e-06,-1.459382954025e-02,-7.320100873947e-03,-3.939050908421e-06
3.760000000000e+00,8.451732401953e-03,-9.603724529791e-03,-3.557509123598e-06,-1.701650623920e-03,-9.318971846901e-03,-3.966029667186e-06,-1.226403202116e-02,-5.955927543453e-03,-3.901917023204e-06
3.770000000000e+00,7.889252278902e-03,-9.523167882836e-03,-3.526003427771e-06,-1.990942696951e-03,-1.021500439090e-02,-3.928384006113e-06,-9.214389764918e-03,-4.462619076891e-03,-3.865256436103e-06
3.780000000000e+00,7.057107406675e-03,-9.047112166256e-03,-3.494870434722e-06,-2.335046304600e-03,-1.110618055973e-02,-3.891222304006e-06,-5.513626637465e-03,-2.842849057403e-03,-3.829061508538e-06
3.790000000000e+00,5.993336332153e-03,-8.161478796285e-03,-3.464104618671e-06,-2.741674032693e-03,-1.194112498627e-02,-3.854536672465e-06,-1.248345745225e-03,-1.100621602387e-03,-3.793324751492e-06
3.800000000000e+00,4.771576801692e-03,-6.871526051806e-03,-3.433700552386e-06,-3.209479332801e-03,-1.266607970563e-02,-3.818319379252e-06,3.389307282494e-03,7.575291065985e-04,-3.758038822087e-06
3.810000000000e+00,3.466150361529e-03,-5.202398330979e-03,-3.403652905153e-06,-3.730895584930e-03,-1.322821116799e-02,-3.782562844634e-06,8.186951345297e-03,2.721297713981e-03,-3.723196520205e-06
3.820000000000e+00,2.143868339133e-03,-3.198660356788e-03,-3.373956440760e-06,-4.297516114137e-03,-1.357892058113e-02,-3.747259637842e-06,1.293046434866e-02,4.775463761901e-03,-3.688790785235e-06
3.830000000000e+00,8.801919603606e-04,-9.228651067714e-04,-3.344606015532e-06,-4.896246548749e-03,-1.367691685433e-02,-3.712402473633e-06,1.734880776435e-02,6.898911535296e-03,-3.654814692880e-06
3.840000000000e+00,-2.696432717348e-04,1.546851620738e-03,-3.315596576435e-06,-5.506934964350e-03,-1.349093140226e-02,-3.677984208916e-06,2.123550681537e-02,9.063958846096e-03,-3.621261452072e-06
3.850000000000e+00,-1.262242223637e-03,4.119966069369e-03,-3.286923159184e-06,-6.112211709785e-03,-1.300187027412e-02,-3.643997839499e-06,2.440292913993e-02,1.123603960549e-02,-3.588124401938e-06
3.860000000000e+00,-2.048663886950e-03,6.697426251714e-03,-3.258580886454e-06,-6.690954470958e-03,-1.220430496581e-02,-3.610436496898e-06,2.661317201171e-02,1.337385024142e-02,-3.555397008878e-06
3.870000000000e+00,-2.621469690042e-03,9.176010817889e-03,-3.230564966057e-06,-7.225677572806e-03,-1.110720100183e-02,-3.577293445250e-06,2.779927677866e-02,1.542994693658e-02,-3.523072863692e-06
3.880000000000e+00,-2.984201153641e-03,1.145292026429e-02,-3.202870689242e-06,-7.702722342653e-03,-9.733866526067e-03,-3.544562078282e-06,2.794100255325e-02,1.735187585889e-02,-3.491145678793e-06
3.890000000000e+00,-3.140503705536e-03,1.343042233059e-02,-3.175493428968e-06,-8.106573519344e-03,-8.121066789059e-03,-3.512235916388e-06,2.701397664403e-02,1.908374752156e-02,-3.459609285497e-06
3.900000000000e+00,-3.111017044768e-03,1.502028543570e-02,-3.148428638273e-06,-8.422383539789e-03,-6.317412560550e-03,-3.480308603761e-06,2.507910485027e-02,2.056825982984e-02,-3.428457631367e-06
3.910000000000e+00,-2.939487064902e-03,1.614781853188e-02,-3.121671848634e-06,-8.644819910322e-03,-4.381049049164e-03,-3.448773905614e-06,2.233783052085e-02,2.174906041535e-02,-3.397684777649e-06
3.920000000000e+00,-2.660275858701e-03,1.675528599158e-02,-3.095218668387e-06,-8.763128142069e-03,-2.376829398272e-03,-3.417625705458e-06,1.895836442819e-02,2.257334612176e-02,-3.367284896741e-06
3.930000000000e+00,-2.307277758131e-03,1.680455813010e-02,-3.069064781188e-06,-8.750826004615e-03,-3.730638649431e-04,-3.386858002462e-06,1.511985649265e-02,2.299457876908e-02,-3.337252269755e-06
3.940000000000e+00,-1.926484040151e-03,1.627886188351e-02,-3.043205944497e-06,-8.599901880209e-03,1.561928841876e-03,-3.356464908879e-06,1.109927592091e-02,2.297516717588e-02,-3.307581284133e-06
3.950000000000e+00,-1.549617680880e-03,1.518356161151e-02,-3.017637988116e-06,-8.289682202724e-03,3.363295425854e-03,-3.326440647537e-06,7.103245648296e-03,2.248897011225e-02,-3.278266431315e-06
3.960000000000e+00,-1.207145570238e-03,1.354593915389e-02,-2.992356812720e-06,-7.783014775004e-03,4.972970195785e-03,-3.296779549385e-06,3.344189155432e-03,2.152344839704e-02,-3.249302304469e-06
3.970000000000e+00,-9.237389975105e-04,1.141398384985e-02,-2.967358388475e-06,-7.048954808367e-03,6.342645196490e-03,-3.267476051125e-06,4.521787701086e-06,2.008136530101e-02,-3.220683596285e-06
3.980000000000e+00,-7.128496625814e-04,8.854293423107e-03,-2.942638753645e-06,-6.069194595722e-03,7.436222990603e-03,-3.238524692870e-06,-2.814546859158e-03,1.818187187223e-02,-3.192405096817e-06
3.990000000000e+00,-5.865841151577e-04,5.949161727887e-03,-2.918194013262e-06,-4.816467294772e-03,8.231637903773e-03,-3.209920115907e-06,-5.031604693417e-03,1.586090221126e-02,-3.164461691392e-06
4.000000000000e+00,-5.562482622286e-04,2.793037699573e-03,-2.894020337793e-06,-3.264249176353e-03,8.721914866302e-03,-3.181657060457e-06,-6.593688458767e-03,1.317082934056e-02,-3.136848358535e-06
